date,home_team,away_team,home_score,away_score,tournament,city,country,neutral,home_coach_nationality,away_coach_nationality,home_win,year,home_top5_league_count,home_connectivity,away_top5_league_count,away_connectivity,top5_league_count_diff,connectivity_diff,home_population,home_gdp_usd,home_gdp_per_capita,home_fifa_rank,away_population,away_gdp_usd,away_gdp_per_capita,away_fifa_rank,population_diff,gdp_usd_diff,gdp_per_capita_diff,fifa_rank_diff
2002-05-31,France,Senegal,0,1,FIFA World Cup,Seoul,South Korea,True,France,France,False,2002,23,10,17,12,6,-2,61364377,1377657339291.0,22450.44,1,10212942,6507824829.0,637.21,42,51151435,1371149514462.0,21813.23,-41
2002-06-01,Germany,Saudi Arabia,8,0,FIFA World Cup,Sapporo,Japan,True,Germany,Saudi Arabia,True,2002,23,26,0,0,23,26,82349925,1945790973803.0,23628.33,11,17041397,184137600000.0,10805.31,34,65308528,1761653373803.0,12823.020000000002,-23
2002-06-01,Republic of Ireland,Cameroon,1,1,FIFA World Cup,Niigata,Japan,True,Republic of Ireland,Germany,False,2002,17,9,13,1,4,8,3866243,109346669230.0,28282.41,15,15309490,10953485345.0,715.47,17,-11443247,98393183885.0,27566.94,-2
2002-06-01,Uruguay,Denmark,1,2,FIFA World Cup,Ulsan,South Korea,True,Uruguay,Denmark,False,2002,13,4,9,1,4,3,3274251,20898761742.0,6382.76,24,5358783,164791442543.0,30751.65,20,-2084532,-143892680801.0,-24368.89,4
2002-06-02,Argentina,Nigeria,1,0,FIFA World Cup,Kashima,Japan,True,Argentina,Nigeria,True,2002,18,8,6,1,12,7,37624825,268696750000.0,7141.48,2,129862595,73557840064.0,566.43,27,-92237770,195138909936.0,6575.049999999999,-25
2002-06-02,England,Sweden,1,1,FIFA World Cup,Saitama,Japan,True,Sweden,Sweden,False,2002,23,22,10,1,13,21,49837884,1418851446668.0,28469.34,12,8895960,242395852494.0,27247.86,19,40941924,1176455594174.0,1221.4799999999996,-7
2002-06-02,Paraguay,South Africa,2,2,FIFA World Cup,Busan,South Korea,True,Italy,South Africa,False,2002,2,0,4,0,-2,0,5187689,8495806432.0,1637.69,18,47566800,135429905923.0,2847.15,37,-42379111,-126934099491.0,-1209.46,-19
2002-06-02,Spain,Slovenia,3,1,FIFA World Cup,Gwangju,South Korea,True,Spain,Slovenia,True,2002,23,23,4,0,19,23,40850412,627830029412.0,15369.0,8,1992060,20876309970.0,10479.76,25,38858352,606953719442.0,4889.24,-17
2002-06-03,Brazil,Turkey,2,1,FIFA World Cup,Ulsan,South Korea,True,Brazil,Turkey,True,2002,10,0,10,2,0,-2,176301203,559983634799.0,3176.29,2,66245128,201753123807.0,3045.55,22,110056075,358230510992.0,130.73999999999978,-20
2002-06-03,Croatia,Mexico,0,1,FIFA World Cup,Niigata,Japan,True,Croatia,Mexico,False,2002,13,2,4,0,9,2,4299642,23062561237.0,5363.83,21,100099099,796064590656.0,7952.76,7,-95799457,-773002029419.0,-2588.9300000000003,14
2002-06-03,Italy,Ecuador,2,0,FIFA World Cup,Sapporo,Japan,True,Italy,Colombia,True,2002,23,32,1,0,22,32,56976981,1168023426056.0,20499.92,6,12910740,23127055000.0,1791.3,35,44066241,1144896371056.0,18708.62,-29
2002-06-04,China,Costa Rica,0,2,FIFA World Cup,Gwangju,South Korea,True,Yugoslavia,Costa Rica,False,2002,0,0,1,0,-1,0,1271850000,1339400897105.0,1053.11,50,4008947,15976174337.0,3985.13,29,1267841053,1323424722768.0,-2932.0200000000004,21
2002-06-04,Japan,Belgium,2,2,FIFA World Cup,Saitama,Japan,False,France,Belgium,False,2002,2,0,7,3,-5,-3,127149000,4374711694091.0,34406.18,32,10286570,236746141604.0,23015.07,23,116862430,4137965552487.0,11391.11,9
2002-06-04,South Korea,Poland,2,0,FIFA World Cup,Busan,South Korea,False,Netherlands,Poland,True,2002,1,0,8,1,-7,-1,47370164,547656279895.0,11561.21,40,38248076,190905493539.0,4991.24,38,9122088,356750786356.0,6569.969999999999,2
2002-06-05,Germany,Republic of Ireland,1,1,FIFA World Cup,Kashima,Japan,True,Germany,Republic of Ireland,False,2002,23,26,17,9,6,17,82349925,1945790973803.0,23628.33,11,3866243,109346669230.0,28282.41,15,78483682,1836444304573.0,-4654.079999999998,-4
2002-06-05,Russia,Tunisia,2,0,FIFA World Cup,Kobe,Japan,True,Russia,Tunisia,True,2002,5,1,2,0,3,1,145976482,306602070621.0,2100.35,27,9869677,22065832449.0,2235.72,30,136106805,284536238172.0,-135.3699999999999,-3
2002-06-05,United States,Portugal,3,2,FIFA World Cup,Suwon,South Korea,True,United States,Portugal,True,2002,8,0,8,0,0,0,284968955,10581929000000.0,37133.62,13,10362722,121604107165.0,11734.76,5,274606233,10460324892835.0,25398.86,8
2002-06-06,Cameroon,Saudi Arabia,1,0,FIFA World Cup,Saitama,Japan,True,Germany,Saudi Arabia,True,2002,13,1,0,0,13,1,15309490,10953485345.0,715.47,17,17041397,184137600000.0,10805.31,34,-1731907,-173184114655.0,-10089.84,-17
2002-06-06,Denmark,Senegal,1,1,FIFA World Cup,Daegu,South Korea,True,Denmark,France,False,2002,9,1,17,12,-8,-11,5358783,164791442543.0,30751.65,20,10212942,6507824829.0,637.21,42,-4854159,158283617714.0,30114.440000000002,-22
2002-06-06,France,Uruguay,0,0,FIFA World Cup,Busan,South Korea,True,France,Uruguay,False,2002,23,10,13,4,10,6,61364377,1377657339291.0,22450.44,1,3274251,20898761742.0,6382.76,24,58090126,1356758577549.0,16067.679999999998,-23
2002-06-07,Argentina,England,0,1,FIFA World Cup,Sapporo,Japan,True,Argentina,Sweden,False,2002,18,8,23,22,-5,-14,37624825,268696750000.0,7141.48,2,49837884,1418851446668.0,28469.34,12,-12213059,-1150154696668.0,-21327.86,-10
2002-06-07,Spain,Paraguay,3,1,FIFA World Cup,Jeonju,South Korea,True,Spain,Italy,True,2002,23,23,2,0,21,23,40850412,627830029412.0,15369.0,8,5187689,8495806432.0,1637.69,18,35662723,619334222980.0,13731.31,-10
2002-06-07,Sweden,Nigeria,2,1,FIFA World Cup,Kobe,Japan,True,Sweden,Nigeria,True,2002,10,1,6,1,4,0,8895960,242395852494.0,27247.86,19,129862595,73557840064.0,566.43,27,-120966635,168838012430.0,26681.43,-8
2002-06-08,Brazil,China,4,0,FIFA World Cup,Seogwipo,South Korea,True,Brazil,Yugoslavia,True,2002,10,0,0,0,10,0,176301203,559983634799.0,3176.29,2,1271850000,1339400897105.0,1053.11,50,-1095548797,-779417262306.0,2123.1800000000003,-48
2002-06-08,Italy,Croatia,1,2,FIFA World Cup,Kashima,Japan,True,Italy,Croatia,False,2002,23,32,13,2,10,30,56976981,1168023426056.0,20499.92,6,4299642,23062561237.0,5363.83,21,52677339,1144960864819.0,15136.089999999998,-15
2002-06-08,South Africa,Slovenia,1,0,FIFA World Cup,Daegu,South Korea,True,South Africa,Slovenia,True,2002,4,0,4,0,0,0,47566800,135429905923.0,2847.15,37,1992060,20876309970.0,10479.76,25,45574740,114553595953.0,-7632.610000000001,12
2002-06-09,Costa Rica,Turkey,1,1,FIFA World Cup,Incheon,South Korea,True,Costa Rica,Turkey,False,2002,1,0,10,2,-9,-2,4008947,15976174337.0,3985.13,29,66245128,201753123807.0,3045.55,22,-62236181,-185776949470.0,939.5799999999999,7
2002-06-09,Japan,Russia,1,0,FIFA World Cup,Yokohama,Japan,False,France,Russia,True,2002,2,0,5,1,-3,-1,127149000,4374711694091.0,34406.18,32,145976482,306602070621.0,2100.35,27,-18827482,4068109623470.0,32305.83,5
2002-06-09,Mexico,Ecuador,2,1,FIFA World Cup,Rifu,Japan,True,Mexico,Colombia,True,2002,4,0,1,0,3,0,100099099,796064590656.0,7952.76,7,12910740,23127055000.0,1791.3,35,87188359,772937535656.0,6161.46,-28
2002-06-10,South Korea,United States,1,1,FIFA World Cup,Daegu,South Korea,False,Netherlands,United States,False,2002,1,0,8,0,-7,0,47370164,547656279895.0,11561.21,40,284968955,10581929000000.0,37133.62,13,-237598791,-10034272720105.0,-25572.410000000003,27
2002-06-10,Portugal,Poland,4,0,FIFA World Cup,Jeonju,South Korea,True,Portugal,Poland,True,2002,8,0,8,1,0,-1,10362722,121604107165.0,11734.76,5,38248076,190905493539.0,4991.24,38,-27885354,-69301386374.0,6743.52,-33
2002-06-10,Tunisia,Belgium,1,1,FIFA World Cup,Ōita,Japan,True,Tunisia,Belgium,False,2002,2,0,7,3,-5,-3,9869677,22065832449.0,2235.72,30,10286570,236746141604.0,23015.07,23,-416893,-214680309155.0,-20779.35,7
2002-06-11,Cameroon,Germany,0,2,FIFA World Cup,Fukuroi,Japan,True,Germany,Germany,False,2002,13,1,23,26,-10,-25,15309490,10953485345.0,715.47,17,82349925,1945790973803.0,23628.33,11,-67040435,-1934837488458.0,-22912.86,6
2002-06-11,Denmark,France,2,0,FIFA World Cup,Incheon,South Korea,True,Denmark,France,True,2002,9,1,23,10,-14,-9,5358783,164791442543.0,30751.65,20,61364377,1377657339291.0,22450.44,1,-56005594,-1212865896748.0,8301.210000000003,19
2002-06-11,Saudi Arabia,Republic of Ireland,0,3,FIFA World Cup,Yokohama,Japan,True,Saudi Arabia,Republic of Ireland,False,2002,0,0,17,9,-17,-9,17041397,184137600000.0,10805.31,34,3866243,109346669230.0,28282.41,15,13175154,74790930770.0,-17477.1,19
2002-06-11,Senegal,Uruguay,3,3,FIFA World Cup,Suwon,South Korea,True,France,Uruguay,False,2002,17,12,13,4,4,8,10212942,6507824829.0,637.21,42,3274251,20898761742.0,6382.76,24,6938691,-14390936913.0,-5745.55,18
2002-06-12,Nigeria,England,0,0,FIFA World Cup,Osaka,Japan,True,Nigeria,Sweden,False,2002,6,1,23,22,-17,-21,129862595,73557840064.0,566.43,27,49837884,1418851446668.0,28469.34,12,80024711,-1345293606604.0,-27902.91,15
2002-06-12,Slovenia,Paraguay,1,3,FIFA World Cup,Seogwipo,South Korea,True,Slovenia,Italy,False,2002,4,0,2,0,2,0,1992060,20876309970.0,10479.76,25,5187689,8495806432.0,1637.69,18,-3195629,12380503538.0,8842.07,7
2002-06-12,South Africa,Spain,2,3,FIFA World Cup,Daejeon,South Korea,True,South Africa,Spain,False,2002,4,0,23,23,-19,-23,47566800,135429905923.0,2847.15,37,40850412,627830029412.0,15369.0,8,6716388,-492400123489.0,-12521.85,29
2002-06-12,Sweden,Argentina,1,1,FIFA World Cup,Rifu,Japan,True,Sweden,Argentina,False,2002,10,1,18,8,-8,-7,8895960,242395852494.0,27247.86,19,37624825,268696750000.0,7141.48,2,-28728865,-26300897506.0,20106.38,17
2002-06-13,Costa Rica,Brazil,2,5,FIFA World Cup,Suwon,South Korea,True,Costa Rica,Brazil,False,2002,1,0,10,0,-9,0,4008947,15976174337.0,3985.13,29,176301203,559983634799.0,3176.29,2,-172292256,-544007460462.0,808.8400000000001,27
2002-06-13,Ecuador,Croatia,1,0,FIFA World Cup,Yokohama,Japan,True,Colombia,Croatia,True,2002,1,0,13,2,-12,-2,12910740,23127055000.0,1791.3,35,4299642,23062561237.0,5363.83,21,8611098,64493763.0,-3572.5299999999997,14
2002-06-13,Mexico,Italy,1,1,FIFA World Cup,Ōita,Japan,True,Mexico,Italy,False,2002,4,0,23,32,-19,-32,100099099,796064590656.0,7952.76,7,56976981,1168023426056.0,20499.92,6,43122118,-371958835400.0,-12547.159999999998,1
2002-06-13,Turkey,China,3,0,FIFA World Cup,Seoul,South Korea,True,Turkey,Yugoslavia,True,2002,10,2,0,0,10,2,66245128,201753123807.0,3045.55,22,1271850000,1339400897105.0,1053.11,50,-1205604872,-1137647773298.0,1992.4400000000003,-28
2002-06-14,Belgium,Russia,3,2,FIFA World Cup,Fukuroi,Japan,True,Belgium,Russia,True,2002,7,3,5,1,2,2,10286570,236746141604.0,23015.07,23,145976482,306602070621.0,2100.35,27,-135689912,-69855929017.0,20914.72,-4
2002-06-14,Japan,Tunisia,2,0,FIFA World Cup,Osaka,Japan,False,France,Tunisia,True,2002,2,0,2,0,0,0,127149000,4374711694091.0,34406.18,32,9869677,22065832449.0,2235.72,30,117279323,4352645861642.0,32170.46,2
2002-06-14,South Korea,Portugal,1,0,FIFA World Cup,Incheon,South Korea,False,Netherlands,Portugal,True,2002,1,0,8,0,-7,0,47370164,547656279895.0,11561.21,40,10362722,121604107165.0,11734.76,5,37007442,426052172730.0,-173.5500000000011,35
2002-06-14,Poland,United States,3,1,FIFA World Cup,Daejeon,South Korea,True,Poland,United States,True,2002,8,1,8,0,0,1,38248076,190905493539.0,4991.24,38,284968955,10581929000000.0,37133.62,13,-246720879,-10391023506461.0,-32142.380000000005,25
2002-06-15,Denmark,England,0,3,FIFA World Cup,Niigata,Japan,True,Denmark,Sweden,False,2002,9,1,23,22,-14,-21,5358783,164791442543.0,30751.65,20,49837884,1418851446668.0,28469.34,12,-44479101,-1254060004125.0,2282.3100000000013,8
2002-06-15,Germany,Paraguay,1,0,FIFA World Cup,Seogwipo,South Korea,True,Germany,Italy,True,2002,23,26,2,0,21,26,82349925,1945790973803.0,23628.33,11,5187689,8495806432.0,1637.69,18,77162236,1937295167371.0,21990.640000000003,-7
2002-06-16,Spain,Republic of Ireland,1,1,FIFA World Cup,Suwon,South Korea,True,Spain,Republic of Ireland,False,2002,23,23,17,9,6,14,40850412,627830029412.0,15369.0,8,3866243,109346669230.0,28282.41,15,36984169,518483360182.0,-12913.41,-7
2002-06-16,Sweden,Senegal,1,2,FIFA World Cup,Ōita,Japan,True,Sweden,France,False,2002,10,1,17,12,-7,-11,8895960,242395852494.0,27247.86,19,10212942,6507824829.0,637.21,42,-1316982,235888027665.0,26610.65,-23
2002-06-17,Brazil,Belgium,2,0,FIFA World Cup,Kobe,Japan,True,Brazil,Belgium,True,2002,10,0,7,3,3,-3,176301203,559983634799.0,3176.29,2,10286570,236746141604.0,23015.07,23,166014633,323237493195.0,-19838.78,-21
2002-06-17,Mexico,United States,0,2,FIFA World Cup,Jeonju,South Korea,True,Mexico,United States,False,2002,4,0,8,0,-4,0,100099099,796064590656.0,7952.76,7,284968955,10581929000000.0,37133.62,13,-184869856,-9785864409344.0,-29180.86,-6
2002-06-18,Japan,Turkey,0,1,FIFA World Cup,Rifu,Japan,False,France,Turkey,False,2002,2,0,10,2,-8,-2,127149000,4374711694091.0,34406.18,32,66245128,201753123807.0,3045.55,22,60903872,4172958570284.0,31360.63,10
2002-06-18,South Korea,Italy,2,1,FIFA World Cup,Daejeon,South Korea,False,Netherlands,Italy,True,2002,1,0,23,32,-22,-32,47370164,547656279895.0,11561.21,40,56976981,1168023426056.0,20499.92,6,-9606817,-620367146161.0,-8938.71,34
2002-06-21,England,Brazil,1,2,FIFA World Cup,Fukuroi,Japan,True,Sweden,Brazil,False,2002,23,22,10,0,13,22,49837884,1418851446668.0,28469.34,12,176301203,559983634799.0,3176.29,2,-126463319,858867811869.0,25293.05,10
2002-06-21,Germany,United States,1,0,FIFA World Cup,Ulsan,South Korea,True,Germany,United States,True,2002,23,26,8,0,15,26,82349925,1945790973803.0,23628.33,11,284968955,10581929000000.0,37133.62,13,-202619030,-8636138026197.0,-13505.29,-2
2002-06-22,South Korea,Spain,0,0,FIFA World Cup,Gwangju,South Korea,False,Netherlands,Spain,False,2002,1,0,23,23,-22,-23,47370164,547656279895.0,11561.21,40,40850412,627830029412.0,15369.0,8,6519752,-80173749517.0,-3807.790000000001,32
2002-06-22,Senegal,Turkey,0,1,FIFA World Cup,Osaka,Japan,True,France,Turkey,False,2002,17,12,10,2,7,10,10212942,6507824829.0,637.21,42,66245128,201753123807.0,3045.55,22,-56032186,-195245298978.0,-2408.34,20
2002-06-25,South Korea,Germany,0,1,FIFA World Cup,Seoul,South Korea,False,Netherlands,Germany,False,2002,1,0,23,26,-22,-26,47370164,547656279895.0,11561.21,40,82349925,1945790973803.0,23628.33,11,-34979761,-1398134693908.0,-12067.120000000003,29
2002-06-26,Brazil,Turkey,1,0,FIFA World Cup,Saitama,Japan,True,Brazil,Turkey,True,2002,10,0,10,2,0,-2,176301203,559983634799.0,3176.29,2,66245128,201753123807.0,3045.55,22,110056075,358230510992.0,130.73999999999978,-20
2002-06-29,South Korea,Turkey,2,3,FIFA World Cup,Daegu,South Korea,False,Netherlands,Turkey,False,2002,1,0,10,2,-9,-2,47370164,547656279895.0,11561.21,40,66245128,201753123807.0,3045.55,22,-18874964,345903156088.0,8515.66,18
2002-06-30,Germany,Brazil,0,2,FIFA World Cup,Yokohama,Japan,True,Germany,Brazil,False,2002,23,26,10,0,13,26,82349925,1945790973803.0,23628.33,11,176301203,559983634799.0,3176.29,2,-93951278,1385807339004.0,20452.04,9
2006-06-09,Germany,Costa Rica,4,2,FIFA World Cup,Munich,Germany,False,Germany,Costa Rica,True,2006,16,8,0,0,16,8,82469422,2846864211175.0,34520.24,19,4261240,20040642477.0,4703.01,26,78208182,2826823568698.0,29817.229999999996,-7
2006-06-09,Poland,Ecuador,0,2,FIFA World Cup,Gelsenkirchen,Germany,True,Poland,Colombia,False,2006,2,0,2,0,0,0,38165445,306145944825.0,8021.55,29,13846163,40278849000.0,2909.03,39,24319282,265867095825.0,5112.52,-10
2006-06-10,Argentina,Ivory Coast,2,1,FIFA World Cup,Hamburg,Germany,True,Argentina,France,True,2006,14,4,12,1,2,3,39216789,198737095012.0,5067.65,9,20068458,24036918703.0,1197.75,32,19148331,174700176309.0,3869.8999999999996,-23
2006-06-10,England,Paraguay,1,0,FIFA World Cup,Frankfurt,Germany,True,Sweden,Uruguay,True,2006,23,25,2,0,21,25,50918217,2187134800000.0,42953.88,10,5448097,10737500188.0,1970.87,33,45470120,2176397299812.0,40983.009999999995,-23
2006-06-10,Trinidad and Tobago,Sweden,0,0,FIFA World Cup,Dortmund,Germany,True,Netherlands,Sweden,False,2006,1,0,5,0,-4,0,1294494,15982282462.0,12346.35,47,9029572,392218088879.0,43437.06,16,-7735078,-376235806417.0,-31090.71,31
2006-06-11,Angola,Portugal,0,1,FIFA World Cup,Cologne,Germany,True,Angola,Brazil,False,2006,0,0,10,1,-10,-1,19291161,36970900884.0,1916.47,57,10503330,197253876705.0,18780.13,7,8787831,-160282975821.0,-16863.66,50
2006-06-11,Mexico,Iran,3,1,FIFA World Cup,Nuremberg,Germany,True,Argentina,Croatia,True,2006,1,0,2,0,-1,0,105811504,917571853529.0,8671.76,4,71828455,226452138296.0,3152.68,23,33983049,691119715233.0,5519.08,-19
2006-06-11,Serbia,Netherlands,0,1,FIFA World Cup,Leipzig,Germany,True,Not found,Netherlands,False,2006,4,0,8,2,-4,-2,8055030,29940400440.0,3716.98,44,16319868,685348181516.0,41994.71,3,-8264838,-655407781076.0,-38277.729999999996,41
2006-06-12,Australia,Japan,3,1,FIFA World Cup,Kaiserslautern,Germany,True,Netherlands,Brazil,True,2006,8,1,4,0,4,1,20176844,695692898677.0,34479.77,42,127773000,4831467035390.0,37812.9,18,-107596156,-4135774136713.0,-3333.1300000000047,24
2006-06-12,Italy,Ghana,2,0,FIFA World Cup,Hanover,Germany,True,Italy,Serbia,True,2006,18,22,4,0,14,22,58166682,1858217147204.0,31946.42,13,22449438,10744568381.0,478.61,48,35717244,1847472578823.0,31467.809999999998,-35
2006-06-12,United States,Czech Republic,0,3,FIFA World Cup,Gelsenkirchen,Germany,True,United States,Czech Republic,False,2006,4,0,11,1,-7,-1,295516599,13039197000000.0,44123.4,5,10211216,137143471328.0,13430.67,2,285305383,12902053528672.0,30692.730000000003,3
2006-06-13,Brazil,Croatia,1,0,FIFA World Cup,Berlin,Germany,True,Brazil,Croatia,True,2006,16,11,7,1,9,10,184688101,891633839853.0,4827.78,1,4310145,45025679590.0,10446.44,23,180377956,846608160263.0,-5618.660000000001,-22
2006-06-13,France,Switzerland,0,0,FIFA World Cup,Stuttgart,Germany,True,France,Switzerland,False,2006,19,7,11,2,8,5,63180854,2196945232436.0,34772.33,8,7437115,418284865885.0,56242.89,35,55743739,1778660366551.0,-21470.559999999998,-27
2006-06-13,South Korea,Togo,2,1,FIFA World Cup,Frankfurt,Germany,True,Netherlands,Germany,True,2006,3,0,3,0,0,0,48184561,934901071333.0,19402.5,29,5844631,3221910408.0,551.26,61,42339930,931679160925.0,18851.24,-32
2006-06-14,Germany,Poland,1,0,FIFA World Cup,Dortmund,Germany,False,Germany,Poland,True,2006,16,8,2,0,14,8,82469422,2846864211175.0,34520.24,19,38165445,306145944825.0,8021.55,29,44303977,2540718266350.0,26498.69,-10
2006-06-14,Spain,Ukraine,4,0,FIFA World Cup,Leipzig,Germany,True,Spain,Ukraine,True,2006,18,15,2,0,16,15,43653155,1153715822718.0,26429.15,5,47585556,89238865119.0,1875.34,45,-3932401,1064476957599.0,24553.81,-40
2006-06-14,Tunisia,Saudi Arabia,2,2,FIFA World Cup,Munich,Germany,True,France,Brazil,False,2006,4,0,0,0,4,0,10255472,32272186695.0,3146.83,21,20559890,328459608764.0,15975.75,34,-10304418,-296187422069.0,-12828.92,-13
2006-06-15,Ecuador,Costa Rica,3,0,FIFA World Cup,Hamburg,Germany,True,Colombia,Costa Rica,True,2006,2,0,0,0,2,0,13846163,40278849000.0,2909.03,39,4261240,20040642477.0,4703.01,26,9584923,20238206523.0,-1793.98,13
2006-06-15,England,Trinidad and Tobago,2,0,FIFA World Cup,Nuremberg,Germany,True,Sweden,Netherlands,True,2006,23,25,1,0,22,25,50918217,2187134800000.0,42953.88,10,1294494,15982282462.0,12346.35,47,49623723,2171152517538.0,30607.53,-37
2006-06-15,Sweden,Paraguay,1,0,FIFA World Cup,Berlin,Germany,True,Sweden,Uruguay,True,2006,5,0,2,0,3,0,9029572,392218088879.0,43437.06,16,5448097,10737500188.0,1970.87,33,3581475,381480588691.0,41466.189999999995,-17
2006-06-16,Argentina,Serbia,6,0,FIFA World Cup,Gelsenkirchen,Germany,True,Argentina,Not found,True,2006,14,4,4,0,10,4,39216789,198737095012.0,5067.65,9,8055030,29940400440.0,3716.98,44,31161759,168796694572.0,1350.6699999999996,-35
2006-06-16,Mexico,Angola,0,0,FIFA World Cup,Hanover,Germany,True,Argentina,Angola,False,2006,1,0,0,0,1,0,105811504,917571853529.0,8671.76,4,19291161,36970900884.0,1916.47,57,86520343,880600952645.0,6755.29,-53
2006-06-16,Netherlands,Ivory Coast,2,1,FIFA World Cup,Stuttgart,Germany,True,Netherlands,France,True,2006,8,2,12,1,-4,1,16319868,685348181516.0,41994.71,3,20068458,24036918703.0,1197.75,32,-3748590,661311262813.0,40796.96,-29
2006-06-17,Czech Republic,Ghana,0,2,FIFA World Cup,Cologne,Germany,True,Czech Republic,Serbia,False,2006,11,1,4,0,7,1,10211216,137143471328.0,13430.67,2,22449438,10744568381.0,478.61,48,-12238222,126398902947.0,12952.06,-46
2006-06-17,Italy,United States,1,1,FIFA World Cup,Kaiserslautern,Germany,True,Italy,United States,False,2006,18,22,4,0,14,22,58166682,1858217147204.0,31946.42,13,295516599,13039197000000.0,44123.4,5,-237349917,-11180979852796.0,-12176.980000000003,8
2006-06-17,Portugal,Iran,2,0,FIFA World Cup,Frankfurt,Germany,True,Brazil,Croatia,True,2006,10,1,2,0,8,1,10503330,197253876705.0,18780.13,7,71828455,226452138296.0,3152.68,23,-61325125,-29198261591.0,15627.45,-16
2006-06-18,Brazil,Australia,2,0,FIFA World Cup,Munich,Germany,True,Brazil,Netherlands,True,2006,16,11,8,1,8,10,184688101,891633839853.0,4827.78,1,20176844,695692898677.0,34479.77,42,164511257,195940941176.0,-29651.989999999998,-41
2006-06-18,France,South Korea,1,1,FIFA World Cup,Leipzig,Germany,True,France,Netherlands,False,2006,19,7,3,0,16,7,63180854,2196945232436.0,34772.33,8,48184561,934901071333.0,19402.5,29,14996293,1262044161103.0,15369.830000000002,-21
2006-06-18,Japan,Croatia,0,0,FIFA World Cup,Nuremberg,Germany,True,Brazil,Croatia,False,2006,4,0,7,1,-3,-1,127773000,4831467035390.0,37812.9,18,4310145,45025679590.0,10446.44,23,123462855,4786441355800.0,27366.46,-5
2006-06-19,Saudi Arabia,Ukraine,0,4,FIFA World Cup,Hamburg,Germany,True,Brazil,Ukraine,False,2006,0,0,2,0,-2,0,20559890,328459608764.0,15975.75,34,47585556,89238865119.0,1875.34,45,-27025666,239220743645.0,14100.41,-11
2006-06-19,Spain,Tunisia,3,1,FIFA World Cup,Stuttgart,Germany,True,Spain,France,True,2006,18,15,4,0,14,15,43653155,1153715822718.0,26429.15,5,10255472,32272186695.0,3146.83,21,33397683,1121443636023.0,23282.32,-16
2006-06-19,Togo,Switzerland,0,2,FIFA World Cup,Dortmund,Germany,True,Germany,Switzerland,False,2006,3,0,11,2,-8,-2,5844631,3221910408.0,551.26,61,7437115,418284865885.0,56242.89,35,-1592484,-415062955477.0,-55691.63,26
2006-06-20,Costa Rica,Poland,1,2,FIFA World Cup,Hanover,Germany,True,Costa Rica,Poland,False,2006,0,0,2,0,-2,0,4261240,20040642477.0,4703.01,26,38165445,306145944825.0,8021.55,29,-33904205,-286105302348.0,-3318.54,-3
2006-06-20,Germany,Ecuador,3,0,FIFA World Cup,Berlin,Germany,False,Germany,Colombia,True,2006,16,8,2,0,14,8,82469422,2846864211175.0,34520.24,19,13846163,40278849000.0,2909.03,39,68623259,2806585362175.0,31611.21,-20
2006-06-20,Paraguay,Trinidad and Tobago,2,0,FIFA World Cup,Kaiserslautern,Germany,True,Uruguay,Netherlands,True,2006,2,0,1,0,1,0,5448097,10737500188.0,1970.87,33,1294494,15982282462.0,12346.35,47,4153603,-5244782274.0,-10375.48,-14
2006-06-20,Sweden,England,2,2,FIFA World Cup,Cologne,Germany,True,Sweden,Sweden,False,2006,5,0,23,25,-18,-25,9029572,392218088879.0,43437.06,16,50918217,2187134800000.0,42953.88,10,-41888645,-1794916711121.0,483.1800000000003,6
2006-06-21,Iran,Angola,1,1,FIFA World Cup,Leipzig,Germany,True,Croatia,Angola,False,2006,2,0,0,0,2,0,71828455,226452138296.0,3152.68,23,19291161,36970900884.0,1916.47,57,52537294,189481237412.0,1236.2099999999998,-34
2006-06-21,Ivory Coast,Serbia,3,2,FIFA World Cup,Munich,Germany,True,France,Not found,True,2006,12,1,4,0,8,1,20068458,24036918703.0,1197.75,32,8055030,29940400440.0,3716.98,44,12013428,-5903481737.0,-2519.23,-12
2006-06-21,Netherlands,Argentina,0,0,FIFA World Cup,Frankfurt,Germany,True,Netherlands,Argentina,False,2006,8,2,14,4,-6,-2,16319868,685348181516.0,41994.71,3,39216789,198737095012.0,5067.65,9,-22896921,486611086504.0,36927.06,-6
2006-06-21,Portugal,Mexico,2,1,FIFA World Cup,Gelsenkirchen,Germany,True,Brazil,Argentina,True,2006,10,1,1,0,9,1,10503330,197253876705.0,18780.13,7,105811504,917571853529.0,8671.76,4,-95308174,-720317976824.0,10108.37,3
2006-06-22,Croatia,Australia,2,2,FIFA World Cup,Stuttgart,Germany,True,Croatia,Netherlands,False,2006,7,1,8,1,-1,0,4310145,45025679590.0,10446.44,23,20176844,695692898677.0,34479.77,42,-15866699,-650667219087.0,-24033.329999999994,-19
2006-06-22,Czech Republic,Italy,0,2,FIFA World Cup,Hamburg,Germany,True,Czech Republic,Italy,False,2006,11,1,18,22,-7,-21,10211216,137143471328.0,13430.67,2,58166682,1858217147204.0,31946.42,13,-47955466,-1721073675876.0,-18515.75,-11
2006-06-22,Ghana,United States,2,1,FIFA World Cup,Nuremberg,Germany,True,Serbia,United States,True,2006,4,0,4,0,0,0,22449438,10744568381.0,478.61,48,295516599,13039197000000.0,44123.4,5,-273067161,-13028452431619.0,-43644.79,43
2006-06-22,Japan,Brazil,1,4,FIFA World Cup,Dortmund,Germany,True,Brazil,Brazil,False,2006,4,0,16,11,-12,-11,127773000,4831467035390.0,37812.9,18,184688101,891633839853.0,4827.78,1,-56915101,3939833195537.0,32985.12,17
2006-06-23,Saudi Arabia,Spain,0,1,FIFA World Cup,Kaiserslautern,Germany,True,Brazil,Spain,False,2006,0,0,18,15,-18,-15,20559890,328459608764.0,15975.75,34,43653155,1153715822718.0,26429.15,5,-23093265,-825256213954.0,-10453.400000000001,29
2006-06-23,Switzerland,South Korea,2,0,FIFA World Cup,Hanover,Germany,True,Switzerland,Netherlands,True,2006,11,2,3,0,8,2,7437115,418284865885.0,56242.89,35,48184561,934901071333.0,19402.5,29,-40747446,-516616205448.0,36840.39,6
2006-06-23,Togo,France,0,2,FIFA World Cup,Cologne,Germany,True,Germany,France,False,2006,3,0,19,7,-16,-7,5844631,3221910408.0,551.26,61,63180854,2196945232436.0,34772.33,8,-57336223,-2193723322028.0,-34221.07,53
2006-06-23,Ukraine,Tunisia,1,0,FIFA World Cup,Berlin,Germany,True,Ukraine,France,True,2006,2,0,4,0,-2,0,47585556,89238865119.0,1875.34,45,10255472,32272186695.0,3146.83,21,37330084,56966678424.0,-1271.49,24
2006-06-24,Argentina,Mexico,2,1,FIFA World Cup,Leipzig,Germany,True,Argentina,Argentina,True,2006,14,4,1,0,13,4,39216789,198737095012.0,5067.65,9,105811504,917571853529.0,8671.76,4,-66594715,-718834758517.0,-3604.1100000000006,5
2006-06-24,Germany,Sweden,2,0,FIFA World Cup,Munich,Germany,False,Germany,Sweden,True,2006,16,8,5,0,11,8,82469422,2846864211175.0,34520.24,19,9029572,392218088879.0,43437.06,16,73439850,2454646122296.0,-8916.82,3
2006-06-25,England,Ecuador,1,0,FIFA World Cup,Stuttgart,Germany,True,Sweden,Colombia,True,2006,23,25,2,0,21,25,50918217,2187134800000.0,42953.88,10,13846163,40278849000.0,2909.03,39,37072054,2146855951000.0,40044.85,-29
2006-06-25,Portugal,Netherlands,1,0,FIFA World Cup,Nuremberg,Germany,True,Brazil,Netherlands,True,2006,10,1,8,2,2,-1,10503330,197253876705.0,18780.13,7,16319868,685348181516.0,41994.71,3,-5816538,-488094304811.0,-23214.579999999998,4
2006-06-26,Italy,Australia,1,0,FIFA World Cup,Kaiserslautern,Germany,True,Italy,Netherlands,True,2006,18,22,8,1,10,21,58166682,1858217147204.0,31946.42,13,20176844,695692898677.0,34479.77,42,37989838,1162524248527.0,-2533.3499999999985,-29
2006-06-26,Switzerland,Ukraine,0,0,FIFA World Cup,Cologne,Germany,True,Switzerland,Ukraine,False,2006,11,2,2,0,9,2,7437115,418284865885.0,56242.89,35,47585556,89238865119.0,1875.34,45,-40148441,329046000766.0,54367.55,-10
2006-06-27,Brazil,Ghana,3,0,FIFA World Cup,Dortmund,Germany,True,Brazil,Serbia,True,2006,16,11,4,0,12,11,184688101,891633839853.0,4827.78,1,22449438,10744568381.0,478.61,48,162238663,880889271472.0,4349.17,-47
2006-06-27,Spain,France,1,3,FIFA World Cup,Hanover,Germany,True,Spain,France,False,2006,18,15,19,7,-1,8,43653155,1153715822718.0,26429.15,5,63180854,2196945232436.0,34772.33,8,-19527699,-1043229409718.0,-8343.18,-3
2006-06-30,Germany,Argentina,1,1,FIFA World Cup,Berlin,Germany,False,Germany,Argentina,False,2006,16,8,14,4,2,4,82469422,2846864211175.0,34520.24,19,39216789,198737095012.0,5067.65,9,43252633,2648127116163.0,29452.589999999997,10
2006-06-30,Italy,Ukraine,3,0,FIFA World Cup,Hamburg,Germany,True,Italy,Ukraine,True,2006,18,22,2,0,16,22,58166682,1858217147204.0,31946.42,13,47585556,89238865119.0,1875.34,45,10581126,1768978282085.0,30071.079999999998,-32
2006-07-01,Brazil,France,0,1,FIFA World Cup,Frankfurt,Germany,True,Brazil,France,False,2006,16,11,19,7,-3,4,184688101,891633839853.0,4827.78,1,63180854,2196945232436.0,34772.33,8,121507247,-1305311392583.0,-29944.550000000003,-7
2006-07-01,England,Portugal,0,0,FIFA World Cup,Gelsenkirchen,Germany,True,Sweden,Brazil,False,2006,23,25,10,1,13,24,50918217,2187134800000.0,42953.88,10,10503330,197253876705.0,18780.13,7,40414887,1989880923295.0,24173.749999999996,3
2006-07-04,Germany,Italy,0,2,FIFA World Cup,Dortmund,Germany,False,Germany,Italy,False,2006,16,8,18,22,-2,-14,82469422,2846864211175.0,34520.24,19,58166682,1858217147204.0,31946.42,13,24302740,988647063971.0,2573.8199999999997,6
2006-07-05,Portugal,France,0,1,FIFA World Cup,Munich,Germany,True,Brazil,France,False,2006,10,1,19,7,-9,-6,10503330,197253876705.0,18780.13,7,63180854,2196945232436.0,34772.33,8,-52677524,-1999691355731.0,-15992.2,-1
2006-07-08,Germany,Portugal,3,1,FIFA World Cup,Stuttgart,Germany,False,Germany,Brazil,True,2006,16,8,10,1,6,7,82469422,2846864211175.0,34520.24,19,10503330,197253876705.0,18780.13,7,71966092,2649610334470.0,15740.109999999997,12
2006-07-09,Italy,France,1,1,FIFA World Cup,Berlin,Germany,True,Italy,France,False,2006,18,22,19,7,-1,15,58166682,1858217147204.0,31946.42,13,63180854,2196945232436.0,34772.33,8,-5014172,-338728085232.0,-2825.9100000000035,5
2010-06-11,South Africa,Mexico,1,1,FIFA World Cup,Johannesburg,South Africa,False,Brazil,Mexico,False,2010,2,0,3,0,-1,0,51728516,329754060647.0,6374.71,83,111999721,943437415025.0,8423.57,17,-60271205,-613683354378.0,-2048.8599999999997,66
2010-06-11,Uruguay,France,0,0,FIFA World Cup,Cape Town,South Africa,True,Uruguay,France,False,2010,7,0,18,12,-11,-12,3310091,32708319078.0,9881.4,16,64706436,2700887366932.0,41740.63,9,-61396345,-2668179047854.0,-31859.229999999996,7
2010-06-12,Argentina,Nigeria,1,0,FIFA World Cup,Johannesburg,South Africa,True,Argentina,Sweden,True,2010,13,2,10,1,3,1,40854831,332976484578.0,8150.24,7,162049464,295008835381.0,1820.49,21,-121194633,37967649197.0,6329.75,-14
2010-06-12,England,United States,1,1,FIFA World Cup,Rustenburg,South Africa,True,Italy,United States,False,2010,21,22,10,1,11,21,52498896,2075042405359.0,39525.45,8,306771529,14478067000000.0,47194.95,14,-254272633,-12403024594641.0,-7669.5,-6
2010-06-12,South Korea,Greece,2,0,FIFA World Cup,Port Elizabeth,South Africa,True,South Korea,Germany,True,2010,3,0,5,0,-2,0,49307835,943941876219.0,19143.85,47,11107017,331308500253.0,29828.76,13,38200818,612633375966.0,-10684.91,34
2010-06-13,Algeria,Slovenia,0,1,FIFA World Cup,Polokwane,South Africa,True,Algeria,Slovenia,False,2010,8,1,7,1,1,0,35490445,150317292079.0,4235.43,30,2039669,50567734886.0,24792.13,25,33450776,99749557193.0,-20556.7,5
2010-06-13,Germany,Australia,4,0,FIFA World Cup,Durban,South Africa,True,Germany,Netherlands,True,2010,20,29,5,1,15,28,81902307,3411261212652.0,41650.37,6,21691653,928762122698.0,42816.57,20,60210654,2482499089954.0,-1166.199999999997,-14
2010-06-13,Serbia,Ghana,0,1,FIFA World Cup,Pretoria,South Africa,True,Serbia,Serbia,False,2010,12,1,9,1,3,0,7320807,45162894381.0,6169.11,15,24862664,26048720006.0,1047.7,32,-17541857,19114174375.0,5121.41,-17
2010-06-14,Italy,Paraguay,1,1,FIFA World Cup,Cape Town,South Africa,True,Italy,Argentina,False,2010,22,24,7,1,15,23,59555454,2199928804119.0,36939.17,5,5671236,22355151162.0,3941.85,31,53884218,2177573652957.0,32997.32,-26
2010-06-14,Japan,Cameroon,1,0,FIFA World Cup,Bloemfontein,South Africa,True,Japan,France,True,2010,5,0,9,1,-4,-1,128047000,5289493117994.0,41309.0,45,19113974,27932970297.0,1461.39,19,108933026,5261560147697.0,39847.61,26
2010-06-14,Netherlands,Denmark,2,0,FIFA World Cup,Johannesburg,South Africa,True,Netherlands,Denmark,True,2010,10,2,9,1,1,1,16530388,871518638049.0,52722.21,4,5523095,321241303699.0,58163.28,36,11007293,550277334350.0,-5441.07,-32
2010-06-15,Brazil,North Korea,2,1,FIFA World Cup,Johannesburg,South Africa,True,Brazil,North Korea,True,2010,15,6,0,0,15,6,192079951,1666996438681.0,8678.66,1,24878332,,,105,167201619,,,-104
2010-06-15,Ivory Coast,Portugal,0,0,FIFA World Cup,Port Elizabeth,South Africa,True,Sweden,Portugal,False,2010,14,2,11,4,3,-2,21997940,33886813250.0,1540.45,27,10568247,244667762836.0,23151.22,3,11429693,-210780949586.0,-21610.77,24
2010-06-15,New Zealand,Slovakia,1,1,FIFA World Cup,Rustenburg,South Africa,True,New Zealand,Slovakia,False,2010,1,0,8,0,-7,0,4302600,121373602349.0,28209.36,78,5386406,89399303222.0,16597.21,34,-1083806,31974299127.0,11612.150000000001,44
2010-06-16,Honduras,Chile,0,1,FIFA World Cup,Nelspruit,South Africa,True,Colombia,Argentina,False,2010,4,1,5,1,-1,0,8189899,14587496229.0,1781.16,38,17009731,171777900623.0,10098.8,18,-8819832,-157190404394.0,-8317.64,20
2010-06-16,South Africa,Uruguay,0,3,FIFA World Cup,Pretoria,South Africa,False,Brazil,Uruguay,False,2010,2,0,7,0,-5,0,51728516,329754060647.0,6374.71,83,3310091,32708319078.0,9881.4,16,48418425,297045741569.0,-3506.6899999999996,67
2010-06-16,Spain,Switzerland,0,1,FIFA World Cup,Durban,South Africa,True,Spain,Germany,False,2010,21,35,14,1,7,34,46362946,1491472923707.0,32169.5,2,7743831,554212916092.0,71568.31,24,38619115,937260007615.0,-39398.81,-22
2010-06-17,Argentina,South Korea,4,1,FIFA World Cup,Johannesburg,South Africa,True,Argentina,South Korea,True,2010,13,2,3,0,10,2,40854831,332976484578.0,8150.24,7,49307835,943941876219.0,19143.85,47,-8453004,-610965391641.0,-10993.609999999999,-40
2010-06-17,France,Mexico,0,2,FIFA World Cup,Polokwane,South Africa,True,France,Mexico,False,2010,18,12,3,0,15,12,64706436,2700887366932.0,41740.63,9,111999721,943437415025.0,8423.57,17,-47293285,1757449951907.0,33317.06,-8
2010-06-17,Greece,Nigeria,2,1,FIFA World Cup,Bloemfontein,South Africa,True,Germany,Sweden,True,2010,5,0,10,1,-5,-1,11107017,331308500253.0,29828.76,13,162049464,295008835381.0,1820.49,21,-150942447,36299664872.0,28008.269999999997,-8
2010-06-18,England,Algeria,0,0,FIFA World Cup,Cape Town,South Africa,True,Italy,Algeria,False,2010,21,22,8,1,13,21,52498896,2075042405359.0,39525.45,8,35490445,150317292079.0,4235.43,30,17008451,1924725113280.0,35290.02,-22
2010-06-18,Germany,Serbia,0,1,FIFA World Cup,Port Elizabeth,South Africa,True,Germany,Serbia,False,2010,20,29,12,1,8,28,81902307,3411261212652.0,41650.37,6,7320807,45162894381.0,6169.11,15,74581500,3366098318271.0,35481.26,-9
2010-06-18,Slovenia,United States,2,2,FIFA World Cup,Johannesburg,South Africa,True,Slovenia,United States,False,2010,7,1,10,1,-3,0,2039669,50567734886.0,24792.13,25,306771529,14478067000000.0,47194.95,14,-304731860,-14427499265114.0,-22402.819999999996,11
2010-06-19,Cameroon,Denmark,1,2,FIFA World Cup,Pretoria,South Africa,True,France,Denmark,False,2010,9,1,9,1,0,0,19113974,27932970297.0,1461.39,19,5523095,321241303699.0,58163.28,36,13590879,-293308333402.0,-56701.89,-17
2010-06-19,Ghana,Australia,1,1,FIFA World Cup,Rustenburg,South Africa,True,Serbia,Netherlands,False,2010,9,1,5,1,4,0,24862664,26048720006.0,1047.7,32,21691653,928762122698.0,42816.57,20,3171011,-902713402692.0,-41768.87,12
2010-06-19,Netherlands,Japan,1,0,FIFA World Cup,Durban,South Africa,True,Netherlands,Japan,True,2010,10,2,5,0,5,2,16530388,871518638049.0,52722.21,4,128047000,5289493117994.0,41309.0,45,-111516612,-4417974479945.0,11413.21,-41
2010-06-20,Brazil,Ivory Coast,3,1,FIFA World Cup,Johannesburg,South Africa,True,Brazil,Sweden,True,2010,15,6,14,2,1,4,192079951,1666996438681.0,8678.66,1,21997940,33886813250.0,1540.45,27,170082011,1633109625431.0,7138.21,-26
2010-06-20,Italy,New Zealand,1,1,FIFA World Cup,Nelspruit,South Africa,True,Italy,New Zealand,False,2010,22,24,1,0,21,24,59555454,2199928804119.0,36939.17,5,4302600,121373602349.0,28209.36,78,55252854,2078555201770.0,8729.809999999998,-73
2010-06-20,Slovakia,Paraguay,0,2,FIFA World Cup,Bloemfontein,South Africa,True,Slovakia,Argentina,False,2010,8,0,7,1,1,-1,5386406,89399303222.0,16597.21,34,5671236,22355151162.0,3941.85,31,-284830,67044152060.0,12655.359999999999,3
2010-06-21,Chile,Switzerland,1,0,FIFA World Cup,Port Elizabeth,South Africa,True,Argentina,Germany,True,2010,5,1,14,1,-9,0,17009731,171777900623.0,10098.8,18,7743831,554212916092.0,71568.31,24,9265900,-382435015469.0,-61469.509999999995,-6
2010-06-21,Portugal,North Korea,7,0,FIFA World Cup,Cape Town,South Africa,True,Portugal,North Korea,True,2010,11,4,0,0,11,4,10568247,244667762836.0,23151.22,3,24878332,,,105,-14310085,,,-102
2010-06-21,Spain,Honduras,2,0,FIFA World Cup,Johannesburg,South Africa,True,Spain,Colombia,True,2010,21,35,4,1,17,34,46362946,1491472923707.0,32169.5,2,8189899,14587496229.0,1781.16,38,38173047,1476885427478.0,30388.34,-36
2010-06-22,Greece,Argentina,0,2,FIFA World Cup,Polokwane,South Africa,True,Germany,Argentina,False,2010,5,0,13,2,-8,-2,11107017,331308500253.0,29828.76,13,40854831,332976484578.0,8150.24,7,-29747814,-1667984325.0,21678.519999999997,6
2010-06-22,Mexico,Uruguay,0,1,FIFA World Cup,Rustenburg,South Africa,True,Mexico,Uruguay,False,2010,3,0,7,0,-4,0,111999721,943437415025.0,8423.57,17,3310091,32708319078.0,9881.4,16,108689630,910729095947.0,-1457.83,1
2010-06-22,Nigeria,South Korea,2,2,FIFA World Cup,Durban,South Africa,True,Sweden,South Korea,False,2010,10,1,3,0,7,1,162049464,295008835381.0,1820.49,21,49307835,943941876219.0,19143.85,47,112741629,-648933040838.0,-17323.359999999997,-26
2010-06-22,South Africa,France,2,1,FIFA World Cup,Bloemfontein,South Africa,False,Brazil,France,True,2010,2,0,18,12,-16,-12,51728516,329754060647.0,6374.71,83,64706436,2700887366932.0,41740.63,9,-12977920,-2371133306285.0,-35365.92,74
2010-06-23,Australia,Serbia,2,1,FIFA World Cup,Nelspruit,South Africa,True,Netherlands,Serbia,True,2010,5,1,12,1,-7,0,21691653,928762122698.0,42816.57,20,7320807,45162894381.0,6169.11,15,14370846,883599228317.0,36647.46,5
2010-06-23,Ghana,Germany,0,1,FIFA World Cup,Johannesburg,South Africa,True,Serbia,Germany,False,2010,9,1,20,29,-11,-28,24862664,26048720006.0,1047.7,32,81902307,3411261212652.0,41650.37,6,-57039643,-3385212492646.0,-40602.670000000006,26
2010-06-23,Slovenia,England,0,1,FIFA World Cup,Port Elizabeth,South Africa,True,Slovenia,Italy,False,2010,7,1,21,22,-14,-21,2039669,50567734886.0,24792.13,25,52498896,2075042405359.0,39525.45,8,-50459227,-2024474670473.0,-14733.319999999996,17
2010-06-23,United States,Algeria,1,0,FIFA World Cup,Pretoria,South Africa,True,United States,Algeria,True,2010,10,1,8,1,2,0,306771529,14478067000000.0,47194.95,14,35490445,150317292079.0,4235.43,30,271281084,14327749707921.0,42959.52,-16
2010-06-24,Cameroon,Netherlands,1,2,FIFA World Cup,Cape Town,South Africa,True,France,Netherlands,False,2010,9,1,10,2,-1,-1,19113974,27932970297.0,1461.39,19,16530388,871518638049.0,52722.21,4,2583586,-843585667752.0,-51260.82,15
2010-06-24,Denmark,Japan,1,3,FIFA World Cup,Rustenburg,South Africa,True,Denmark,Japan,False,2010,9,1,5,0,4,1,5523095,321241303699.0,58163.28,36,128047000,5289493117994.0,41309.0,45,-122523905,-4968251814295.0,16854.28,-9
2010-06-24,Paraguay,New Zealand,0,0,FIFA World Cup,Polokwane,South Africa,True,Argentina,New Zealand,False,2010,7,1,1,0,6,1,5671236,22355151162.0,3941.85,31,4302600,121373602349.0,28209.36,78,1368636,-99018451187.0,-24267.510000000002,-47
2010-06-24,Slovakia,Italy,3,2,FIFA World Cup,Johannesburg,South Africa,True,Slovakia,Italy,True,2010,8,0,22,24,-14,-24,5386406,89399303222.0,16597.21,34,59555454,2199928804119.0,36939.17,5,-54169048,-2110529500897.0,-20341.96,29
2010-06-25,Chile,Spain,1,2,FIFA World Cup,Pretoria,South Africa,True,Argentina,Spain,False,2010,5,1,21,35,-16,-34,17009731,171777900623.0,10098.8,18,46362946,1491472923707.0,32169.5,2,-29353215,-1319695023084.0,-22070.7,16
2010-06-25,North Korea,Ivory Coast,0,3,FIFA World Cup,Nelspruit,South Africa,True,North Korea,Sweden,False,2010,0,0,14,2,-14,-2,24878332,,,105,21997940,33886813250.0,1540.45,27,2880392,,,78
2010-06-25,Portugal,Brazil,0,0,FIFA World Cup,Durban,South Africa,True,Portugal,Brazil,False,2010,11,4,15,6,-4,-2,10568247,244667762836.0,23151.22,3,192079951,1666996438681.0,8678.66,1,-181511704,-1422328675845.0,14472.560000000001,2
2010-06-25,Switzerland,Honduras,0,0,FIFA World Cup,Bloemfontein,South Africa,True,Germany,Colombia,False,2010,14,1,4,1,10,0,7743831,554212916092.0,71568.31,24,8189899,14587496229.0,1781.16,38,-446068,539625419863.0,69787.15,-14
2010-06-26,Uruguay,South Korea,2,1,FIFA World Cup,Port Elizabeth,South Africa,True,Uruguay,South Korea,True,2010,7,0,3,0,4,0,3310091,32708319078.0,9881.4,16,49307835,943941876219.0,19143.85,47,-45997744,-911233557141.0,-9262.449999999999,-31
2010-06-26,United States,Ghana,1,2,FIFA World Cup,Rustenburg,South Africa,True,United States,Serbia,False,2010,10,1,9,1,1,0,306771529,14478067000000.0,47194.95,14,24862664,26048720006.0,1047.7,32,281908865,14452018279994.0,46147.25,-18
2010-06-27,Argentina,Mexico,3,1,FIFA World Cup,Johannesburg,South Africa,True,Argentina,Mexico,True,2010,13,2,3,0,10,2,40854831,332976484578.0,8150.24,7,111999721,943437415025.0,8423.57,17,-71144890,-610460930447.0,-273.3299999999999,-10
2010-06-27,Germany,England,4,1,FIFA World Cup,Bloemfontein,South Africa,True,Germany,Italy,True,2010,20,29,21,22,-1,7,81902307,3411261212652.0,41650.37,6,52498896,2075042405359.0,39525.45,8,29403411,1336218807293.0,2124.9200000000055,-2
2010-06-28,Brazil,Chile,3,0,FIFA World Cup,Johannesburg,South Africa,True,Brazil,Argentina,True,2010,15,6,5,1,10,5,192079951,1666996438681.0,8678.66,1,17009731,171777900623.0,10098.8,18,175070220,1495218538058.0,-1420.1399999999994,-17
2010-06-28,Netherlands,Slovakia,2,1,FIFA World Cup,Durban,South Africa,True,Netherlands,Slovakia,True,2010,10,2,8,0,2,2,16530388,871518638049.0,52722.21,4,5386406,89399303222.0,16597.21,34,11143982,782119334827.0,36125.0,-30
2010-06-29,Paraguay,Japan,0,0,FIFA World Cup,Pretoria,South Africa,True,Argentina,Japan,False,2010,7,1,5,0,2,1,5671236,22355151162.0,3941.85,31,128047000,5289493117994.0,41309.0,45,-122375764,-5267137966832.0,-37367.15,-14
2010-06-29,Spain,Portugal,1,0,FIFA World Cup,Cape Town,South Africa,True,Spain,Portugal,True,2010,21,35,11,4,10,31,46362946,1491472923707.0,32169.5,2,10568247,244667762836.0,23151.22,3,35794699,1246805160871.0,9018.279999999999,-1
2010-07-02,Netherlands,Brazil,2,1,FIFA World Cup,Port Elizabeth,South Africa,True,Netherlands,Brazil,True,2010,10,2,15,6,-5,-4,16530388,871518638049.0,52722.21,4,192079951,1666996438681.0,8678.66,1,-175549563,-795477800632.0,44043.55,3
2010-07-02,Uruguay,Ghana,1,1,FIFA World Cup,Johannesburg,South Africa,True,Uruguay,Serbia,False,2010,7,0,9,1,-2,-1,3310091,32708319078.0,9881.4,16,24862664,26048720006.0,1047.7,32,-21552573,6659599072.0,8833.699999999999,-16
2010-07-03,Argentina,Germany,0,4,FIFA World Cup,Cape Town,South Africa,True,Argentina,Germany,False,2010,13,2,20,29,-7,-27,40854831,332976484578.0,8150.24,7,81902307,3411261212652.0,41650.37,6,-41047476,-3078284728074.0,-33500.130000000005,1
2010-07-03,Paraguay,Spain,0,1,FIFA World Cup,Johannesburg,South Africa,True,Argentina,Spain,False,2010,7,1,21,35,-14,-34,5671236,22355151162.0,3941.85,31,46362946,1491472923707.0,32169.5,2,-40691710,-1469117772545.0,-28227.65,29
2010-07-06,Uruguay,Netherlands,2,3,FIFA World Cup,Cape Town,South Africa,True,Uruguay,Netherlands,False,2010,7,0,10,2,-3,-2,3310091,32708319078.0,9881.4,16,16530388,871518638049.0,52722.21,4,-13220297,-838810318971.0,-42840.81,12
2010-07-07,Germany,Spain,0,1,FIFA World Cup,Durban,South Africa,True,Germany,Spain,False,2010,20,29,21,35,-1,-6,81902307,3411261212652.0,41650.37,6,46362946,1491472923707.0,32169.5,2,35539361,1919788288945.0,9480.870000000003,4
2010-07-10,Uruguay,Germany,2,3,FIFA World Cup,Port Elizabeth,South Africa,True,Uruguay,Germany,False,2010,7,0,20,29,-13,-29,3310091,32708319078.0,9881.4,16,81902307,3411261212652.0,41650.37,6,-78592216,-3378552893574.0,-31768.97,10
2010-07-11,Netherlands,Spain,0,1,FIFA World Cup,Johannesburg,South Africa,True,Netherlands,Spain,False,2010,10,2,21,35,-11,-33,16530388,871518638049.0,52722.21,4,46362946,1491472923707.0,32169.5,2,-29832558,-619954285658.0,20552.71,2
2014-06-12,Brazil,Croatia,3,1,FIFA World Cup,São Paulo,Brazil,False,Brazil,Croatia,True,2014,16,8,12,0,4,8,198478299,2472819535743.0,12458.89,3,4233922,59589170668.0,14074.22,18,194244377,2413230365075.0,-1615.33,-15
2014-06-13,Chile,Australia,3,1,FIFA World Cup,Cuiabá,Brazil,True,Argentina,Australia,True,2014,10,1,2,0,8,1,17687006,277395018837.0,15683.55,14,23128129,1577301840200.0,68198.42,62,-5441123,-1299906821363.0,-52514.869999999995,-48
2014-06-13,Mexico,Cameroon,1,0,FIFA World Cup,Natal,Brazil,True,Mexico,Germany,True,2014,5,1,7,0,-2,1,118343573,1327436290283.0,11216.8,20,21402376,33728621190.0,1575.93,56,96941197,1293707669093.0,9640.869999999999,-36
2014-06-13,Spain,Netherlands,1,5,FIFA World Cup,Salvador,Brazil,True,Spain,Netherlands,False,2014,21,31,8,1,13,30,46604197,1355579535913.0,29087.07,1,16804432,877172824535.0,52198.9,15,29799765,478406711378.0,-23111.83,-14
2014-06-14,Colombia,Greece,3,0,FIFA World Cup,Belo Horizonte,Brazil,True,Argentina,Portugal,True,2014,12,0,7,0,5,0,46151584,382093697078.0,8279.1,8,10965211,238907690051.0,21787.79,12,35186373,143186007027.0,-13508.69,-4
2014-06-14,England,Italy,1,2,FIFA World Cup,Manaus,Brazil,True,England,Italy,False,2014,22,25,22,25,0,0,54069177,2394974012179.0,44294.63,10,60311613,2141924094299.0,35514.29,9,-6242436,253049917880.0,8780.339999999997,1
2014-06-14,Ivory Coast,Japan,2,1,FIFA World Cup,Recife,Brazil,True,France,Italy,True,2014,12,2,10,1,2,1,23939775,42760235485.0,1786.16,23,127445000,5212328181166.0,40898.65,46,-103505225,-5169567945681.0,-39112.49,-23
2014-06-14,Uruguay,Costa Rica,1,3,FIFA World Cup,Fortaleza,Brazil,True,Uruguay,Colombia,False,2014,11,1,3,0,8,1,3345337,61337621934.0,18335.26,7,4716147,50949668841.0,10803.24,28,-1370810,10387953093.0,7532.019999999999,-21
2014-06-15,Argentina,Bosnia and Herzegovina,2,1,FIFA World Cup,Rio de Janeiro,Brazil,True,Argentina,Bosnia and Herzegovina,True,2014,13,6,10,0,3,6,42582455,552025140252.0,12963.68,5,3610859,18179108531.0,5034.57,21,38971596,533846031721.0,7929.110000000001,-16
2014-06-15,France,Honduras,3,0,FIFA World Cup,Porto Alegre,Brazil,True,France,Colombia,True,2014,22,16,2,0,20,16,65997932,2811876903329.0,42605.53,17,8889278,18499729215.0,2081.13,33,57108654,2793377174114.0,40524.4,-16
2014-06-15,Switzerland,Ecuador,2,1,FIFA World Cup,Brasília,Brazil,True,Germany,Colombia,True,2014,15,5,2,0,13,5,8089346,706234937371.0,87304.33,6,15807128,96570334000.0,6109.29,26,-7717782,609664603371.0,81195.04000000001,-20
2014-06-16,Germany,Portugal,4,0,FIFA World Cup,Salvador,Brazil,True,Germany,Portugal,True,2014,23,32,9,6,14,26,80645605,3733804649549.0,46298.92,2,10457295,226433858006.0,21653.2,4,70188310,3507370791543.0,24645.719999999998,-2
2014-06-16,Ghana,United States,1,2,FIFA World Cup,Natal,Brazil,True,Ghana,Germany,False,2014,10,3,10,0,0,3,27386193,62824629066.0,2294.03,37,316726282,16880683000000.0,53297.39,13,-289340089,-16817858370934.0,-51003.36,24
2014-06-16,Iran,Nigeria,0,0,FIFA World Cup,Curitiba,Brazil,True,Portugal,Nigeria,False,2014,1,0,6,0,-5,0,80414686,492775566426.0,6127.93,43,181049443,520117180314.0,2872.79,44,-100634757,-27341613888.0,3255.1400000000003,-1
2014-06-17,Belgium,Algeria,2,1,FIFA World Cup,Belo Horizonte,Brazil,True,Belgium,Bosnia and Herzegovina,True,2014,16,11,8,0,8,11,11159407,521791015247.0,46757.95,11,38414171,229701430292.0,5979.6,22,-27254764,292089584955.0,40778.35,-11
2014-06-17,Brazil,Mexico,0,0,FIFA World Cup,Fortaleza,Brazil,False,Brazil,Mexico,False,2014,16,8,5,1,11,7,198478299,2472819535743.0,12458.89,3,118343573,1327436290283.0,11216.8,20,80134726,1145383245460.0,1242.0900000000001,-17
2014-06-17,Russia,South Korea,1,1,FIFA World Cup,Cuiabá,Brazil,True,Italy,South Korea,False,2014,0,0,7,2,-7,-2,143805638,2292470078346.0,15941.45,19,50428893,1370632955321.0,27179.52,57,93376745,921837123025.0,-11238.07,-38
2014-06-18,Australia,Netherlands,2,3,FIFA World Cup,Curitiba,Brazil,True,Australia,Netherlands,False,2014,2,0,8,1,-6,-1,23128129,1577301840200.0,68198.42,62,16804432,877172824535.0,52198.9,15,6323697,700129015665.0,15999.519999999997,47
2014-06-18,Cameroon,Croatia,0,4,FIFA World Cup,Manaus,Brazil,True,Germany,Croatia,False,2014,7,0,12,0,-5,0,21402376,33728621190.0,1575.93,56,4233922,59589170668.0,14074.22,18,17168454,-25860549478.0,-12498.289999999999,38
2014-06-18,Spain,Chile,0,2,FIFA World Cup,Rio de Janeiro,Brazil,True,Spain,Argentina,False,2014,21,31,10,1,11,30,46604197,1355579535913.0,29087.07,1,17687006,277395018837.0,15683.55,14,28917191,1078184517076.0,13403.52,-13
2014-06-19,Colombia,Ivory Coast,2,1,FIFA World Cup,Brasília,Brazil,True,Argentina,France,True,2014,12,0,12,2,0,-2,46151584,382093697078.0,8279.1,8,23939775,42760235485.0,1786.16,23,22211809,339333461593.0,6492.9400000000005,-15
2014-06-19,Japan,Greece,0,0,FIFA World Cup,Natal,Brazil,True,Italy,Portugal,False,2014,10,1,7,0,3,1,127445000,5212328181166.0,40898.65,46,10965211,238907690051.0,21787.79,12,116479789,4973420491115.0,19110.86,34
2014-06-19,Uruguay,England,2,1,FIFA World Cup,São Paulo,Brazil,True,Uruguay,England,True,2014,11,1,22,25,-11,-24,3345337,61337621934.0,18335.26,7,54069177,2394974012179.0,44294.63,10,-50723840,-2333636390245.0,-25959.37,-3
2014-06-20,Honduras,Ecuador,1,2,FIFA World Cup,Curitiba,Brazil,True,Colombia,Colombia,False,2014,2,0,2,0,0,0,8889278,18499729215.0,2081.13,33,15807128,96570334000.0,6109.29,26,-6917850,-78070604785.0,-4028.16,7
2014-06-20,Italy,Costa Rica,0,1,FIFA World Cup,Recife,Brazil,True,Italy,Colombia,False,2014,22,25,3,0,19,25,60311613,2141924094299.0,35514.29,9,4716147,50949668841.0,10803.24,28,55595466,2090974425458.0,24711.050000000003,-19
2014-06-20,Switzerland,France,2,5,FIFA World Cup,Salvador,Brazil,True,Germany,France,False,2014,15,5,22,16,-7,-11,8089346,706234937371.0,87304.33,6,65997932,2811876903329.0,42605.53,17,-57908586,-2105641965958.0,44698.8,-11
2014-06-21,Argentina,Iran,1,0,FIFA World Cup,Belo Horizonte,Brazil,True,Argentina,Portugal,True,2014,13,6,1,0,12,6,42582455,552025140252.0,12963.68,5,80414686,492775566426.0,6127.93,43,-37832231,59249573826.0,6835.75,-38
2014-06-21,Germany,Ghana,2,2,FIFA World Cup,Fortaleza,Brazil,True,Germany,Ghana,False,2014,23,32,10,3,13,29,80645605,3733804649549.0,46298.92,2,27386193,62824629066.0,2294.03,37,53259412,3670980020483.0,44004.89,-35
2014-06-21,Nigeria,Bosnia and Herzegovina,1,0,FIFA World Cup,Cuiabá,Brazil,True,Nigeria,Bosnia and Herzegovina,True,2014,6,0,10,0,-4,0,181049443,520117180314.0,2872.79,44,3610859,18179108531.0,5034.57,21,177438584,501938071783.0,-2161.7799999999997,23
2014-06-22,Belgium,Russia,1,0,FIFA World Cup,Rio de Janeiro,Brazil,True,Belgium,Italy,True,2014,16,11,0,0,16,11,11159407,521791015247.0,46757.95,11,143805638,2292470078346.0,15941.45,19,-132646231,-1770679063099.0,30816.499999999996,-8
2014-06-22,South Korea,Algeria,2,4,FIFA World Cup,Porto Alegre,Brazil,True,South Korea,Bosnia and Herzegovina,False,2014,7,2,8,0,-1,2,50428893,1370632955321.0,27179.52,57,38414171,229701430292.0,5979.6,22,12014722,1140931525029.0,21199.92,35
2014-06-22,United States,Portugal,2,2,FIFA World Cup,Manaus,Brazil,True,Germany,Portugal,False,2014,10,0,9,6,1,-6,316726282,16880683000000.0,53297.39,13,10457295,226433858006.0,21653.2,4,306268987,16654249141994.0,31644.19,9
2014-06-23,Australia,Spain,0,3,FIFA World Cup,Curitiba,Brazil,True,Australia,Spain,False,2014,2,0,21,31,-19,-31,23128129,1577301840200.0,68198.42,62,46604197,1355579535913.0,29087.07,1,-23476068,221722304287.0,39111.35,61
2014-06-23,Brazil,Cameroon,4,1,FIFA World Cup,Brasília,Brazil,False,Brazil,Germany,True,2014,16,8,7,0,9,8,198478299,2472819535743.0,12458.89,3,21402376,33728621190.0,1575.93,56,177075923,2439090914553.0,10882.96,-53
2014-06-23,Croatia,Mexico,1,3,FIFA World Cup,Recife,Brazil,True,Croatia,Mexico,False,2014,12,0,5,1,7,-1,4233922,59589170668.0,14074.22,18,118343573,1327436290283.0,11216.8,20,-114109651,-1267847119615.0,2857.42,-2
2014-06-23,Netherlands,Chile,2,0,FIFA World Cup,São Paulo,Brazil,True,Netherlands,Argentina,True,2014,8,1,10,1,-2,0,16804432,877172824535.0,52198.9,15,17687006,277395018837.0,15683.55,14,-882574,599777805698.0,36515.350000000006,1
2014-06-24,Costa Rica,England,0,0,FIFA World Cup,Belo Horizonte,Brazil,True,Colombia,England,False,2014,3,0,22,25,-19,-25,4716147,50949668841.0,10803.24,28,54069177,2394974012179.0,44294.63,10,-49353030,-2344024343338.0,-33491.39,18
2014-06-24,Greece,Ivory Coast,2,1,FIFA World Cup,Fortaleza,Brazil,True,Portugal,France,True,2014,7,0,12,2,-5,-2,10965211,238907690051.0,21787.79,12,23939775,42760235485.0,1786.16,23,-12974564,196147454566.0,20001.63,-11
2014-06-24,Italy,Uruguay,0,1,FIFA World Cup,Natal,Brazil,True,Italy,Uruguay,False,2014,22,25,11,1,11,24,60311613,2141924094299.0,35514.29,9,3345337,61337621934.0,18335.26,7,56966276,2080586472365.0,17179.030000000002,2
2014-06-24,Japan,Colombia,1,4,FIFA World Cup,Cuiabá,Brazil,True,Italy,Argentina,False,2014,10,1,12,0,-2,1,127445000,5212328181166.0,40898.65,46,46151584,382093697078.0,8279.1,8,81293416,4830234484088.0,32619.550000000003,38
2014-06-25,Bosnia and Herzegovina,Iran,3,1,FIFA World Cup,Salvador,Brazil,True,Bosnia and Herzegovina,Portugal,True,2014,10,0,1,0,9,0,3610859,18179108531.0,5034.57,21,80414686,492775566426.0,6127.93,43,-76803827,-474596457895.0,-1093.3600000000006,-22
2014-06-25,Ecuador,France,0,0,FIFA World Cup,Rio de Janeiro,Brazil,True,Colombia,France,False,2014,2,0,22,16,-20,-16,15807128,96570334000.0,6109.29,26,65997932,2811876903329.0,42605.53,17,-50190804,-2715306569329.0,-36496.24,9
2014-06-25,Honduras,Switzerland,0,3,FIFA World Cup,Manaus,Brazil,True,Colombia,Germany,False,2014,2,0,15,5,-13,-5,8889278,18499729215.0,2081.13,33,8089346,706234937371.0,87304.33,6,799932,-687735208156.0,-85223.2,27
2014-06-25,Nigeria,Argentina,2,3,FIFA World Cup,Porto Alegre,Brazil,True,Nigeria,Argentina,False,2014,6,0,13,6,-7,-6,181049443,520117180314.0,2872.79,44,42582455,552025140252.0,12963.68,5,138466988,-31907959938.0,-10090.89,39
2014-06-26,Algeria,Russia,1,1,FIFA World Cup,Curitiba,Brazil,True,Bosnia and Herzegovina,Italy,False,2014,8,0,0,0,8,0,38414171,229701430292.0,5979.6,22,143805638,2292470078346.0,15941.45,19,-105391467,-2062768648054.0,-9961.85,3
2014-06-26,South Korea,Belgium,0,1,FIFA World Cup,São Paulo,Brazil,True,South Korea,Belgium,False,2014,7,2,16,11,-9,-9,50428893,1370632955321.0,27179.52,57,11159407,521791015247.0,46757.95,11,39269486,848841940074.0,-19578.429999999997,46
2014-06-26,Portugal,Ghana,2,1,FIFA World Cup,Brasília,Brazil,True,Portugal,Ghana,True,2014,9,6,10,3,-1,3,10457295,226433858006.0,21653.2,4,27386193,62824629066.0,2294.03,37,-16928898,163609228940.0,19359.170000000002,-33
2014-06-26,United States,Germany,0,1,FIFA World Cup,Recife,Brazil,True,Germany,Germany,False,2014,10,0,23,32,-13,-32,316726282,16880683000000.0,53297.39,13,80645605,3733804649549.0,46298.92,2,236080677,13146878350451.0,6998.470000000001,11
2014-06-28,Brazil,Chile,1,1,FIFA World Cup,Belo Horizonte,Brazil,False,Brazil,Argentina,False,2014,16,8,10,1,6,7,198478299,2472819535743.0,12458.89,3,17687006,277395018837.0,15683.55,14,180791293,2195424516906.0,-3224.66,-11
2014-06-28,Colombia,Uruguay,2,0,FIFA World Cup,Rio de Janeiro,Brazil,True,Argentina,Uruguay,True,2014,12,0,11,1,1,-1,46151584,382093697078.0,8279.1,8,3345337,61337621934.0,18335.26,7,42806247,320756075144.0,-10056.159999999998,1
2014-06-29,Costa Rica,Greece,1,1,FIFA World Cup,Recife,Brazil,True,Colombia,Portugal,False,2014,3,0,7,0,-4,0,4716147,50949668841.0,10803.24,28,10965211,238907690051.0,21787.79,12,-6249064,-187958021210.0,-10984.550000000001,16
2014-06-29,Netherlands,Mexico,2,1,FIFA World Cup,Fortaleza,Brazil,True,Netherlands,Mexico,True,2014,8,1,5,1,3,0,16804432,877172824535.0,52198.9,15,118343573,1327436290283.0,11216.8,20,-101539141,-450263465748.0,40982.100000000006,-5
2014-06-30,France,Nigeria,2,0,FIFA World Cup,Brasília,Brazil,True,France,Nigeria,True,2014,22,16,6,0,16,16,65997932,2811876903329.0,42605.53,17,181049443,520117180314.0,2872.79,44,-115051511,2291759723015.0,39732.74,-27
2014-06-30,Germany,Algeria,2,1,FIFA World Cup,Porto Alegre,Brazil,True,Germany,Bosnia and Herzegovina,True,2014,23,32,8,0,15,32,80645605,3733804649549.0,46298.92,2,38414171,229701430292.0,5979.6,22,42231434,3504103219257.0,40319.32,-20
2014-07-01,Argentina,Switzerland,1,0,FIFA World Cup,São Paulo,Brazil,True,Argentina,Germany,True,2014,13,6,15,5,-2,1,42582455,552025140252.0,12963.68,5,8089346,706234937371.0,87304.33,6,34493109,-154209797119.0,-74340.65,-1
2014-07-01,Belgium,United States,2,1,FIFA World Cup,Salvador,Brazil,True,Belgium,Germany,True,2014,16,11,10,0,6,11,11159407,521791015247.0,46757.95,11,316726282,16880683000000.0,53297.39,13,-305566875,-16358891984753.0,-6539.440000000002,-2
2014-07-04,Brazil,Colombia,2,1,FIFA World Cup,Fortaleza,Brazil,False,Brazil,Argentina,True,2014,16,8,12,0,4,8,198478299,2472819535743.0,12458.89,3,46151584,382093697078.0,8279.1,8,152326715,2090725838665.0,4179.789999999999,-5
2014-07-04,France,Germany,0,1,FIFA World Cup,Rio de Janeiro,Brazil,True,France,Germany,False,2014,22,16,23,32,-1,-16,65997932,2811876903329.0,42605.53,17,80645605,3733804649549.0,46298.92,2,-14647673,-921927746220.0,-3693.3899999999994,15
2014-07-05,Argentina,Belgium,1,0,FIFA World Cup,Brasília,Brazil,True,Argentina,Belgium,True,2014,13,6,16,11,-3,-5,42582455,552025140252.0,12963.68,5,11159407,521791015247.0,46757.95,11,31423048,30234125005.0,-33794.27,-6
2014-07-05,Netherlands,Costa Rica,0,0,FIFA World Cup,Salvador,Brazil,True,Netherlands,Colombia,False,2014,8,1,3,0,5,1,16804432,877172824535.0,52198.9,15,4716147,50949668841.0,10803.24,28,12088285,826223155694.0,41395.66,-13
2014-07-08,Brazil,Germany,1,7,FIFA World Cup,Belo Horizonte,Brazil,False,Brazil,Germany,False,2014,16,8,23,32,-7,-24,198478299,2472819535743.0,12458.89,3,80645605,3733804649549.0,46298.92,2,117832694,-1260985113806.0,-33840.03,1
2014-07-09,Netherlands,Argentina,0,0,FIFA World Cup,São Paulo,Brazil,True,Netherlands,Argentina,False,2014,8,1,13,6,-5,-5,16804432,877172824535.0,52198.9,15,42582455,552025140252.0,12963.68,5,-25778023,325147684283.0,39235.22,10
2014-07-12,Brazil,Netherlands,0,3,FIFA World Cup,Brasília,Brazil,False,Brazil,Netherlands,False,2014,16,8,8,1,8,7,198478299,2472819535743.0,12458.89,3,16804432,877172824535.0,52198.9,15,181673867,1595646711208.0,-39740.01,-12
2014-07-13,Germany,Argentina,1,0,FIFA World Cup,Rio de Janeiro,Brazil,True,Germany,Argentina,True,2014,23,32,13,6,10,26,80645605,3733804649549.0,46298.92,2,42582455,552025140252.0,12963.68,5,38063150,3181779509297.0,33335.24,-3
2018-06-14,Russia,Saudi Arabia,5,0,FIFA World Cup,Moscow,Russia,False,Russia,Spain,True,2018,1,0,0,0,1,0,145293260,1574199360089.0,10834.63,70,30977355,714994666667.0,23081.2,67,114315905,859204693422.0,-12246.570000000002,3
2018-06-15,Egypt,Uruguay,0,1,FIFA World Cup,Ekaterinburg,Russia,True,Argentina,Uruguay,False,2018,3,0,10,0,-7,0,103696057,248362771739.0,2395.1,45,3388438,65006047680.0,19184.66,14,100307619,183356724059.0,-16789.56,31
2018-06-15,Morocco,Iran,0,1,FIFA World Cup,Saint Petersburg,Russia,True,France,Portugal,False,2018,6,0,0,0,6,0,35446392,118540573368.0,3344.22,41,85026754,486630147094.0,5723.26,37,-49580362,-368089573726.0,-2379.0400000000004,4
2018-06-15,Portugal,Spain,3,3,FIFA World Cup,Sochi,Russia,True,Portugal,Spain,False,2018,11,1,19,13,-8,-12,10300300,221357874719.0,21490.43,4,46571232,1313245330198.0,28198.64,10,-36270932,-1091887455479.0,-6708.209999999999,-6
2018-06-16,France,Australia,2,1,FIFA World Cup,Kazan,Russia,True,France,Netherlands,True,2018,22,14,3,0,19,14,66918020,2595151045198.0,38781.05,7,24592588,1326882104817.0,53954.55,36,42325432,1268268940381.0,-15173.5,-29
2018-06-16,Argentina,Iceland,1,1,FIFA World Cup,Moscow,Russia,True,Argentina,Iceland,False,2018,13,5,4,0,9,5,44288894,643628393281.0,14532.5,5,343400,24728285177.0,72010.15,22,43945494,618900108104.0,-57477.649999999994,-17
2018-06-16,Peru,Denmark,0,1,FIFA World Cup,Saransk,Russia,True,Argentina,Norway,False,2018,1,0,14,1,-13,-1,31324637,211007984081.0,6736.17,11,5764980,332121063806.0,57610.1,12,25559657,-121113079725.0,-50873.93,-1
2018-06-16,Croatia,Nigeria,2,0,FIFA World Cup,Kaliningrad,Russia,True,Croatia,Germany,True,2018,15,3,9,1,6,2,4041407,56322449844.0,13936.35,20,200254579,375745731053.0,1876.34,48,-196213172,-319423281209.0,12060.01,-28
2018-06-17,Costa Rica,Serbia,0,1,FIFA World Cup,Samara,Russia,True,Costa Rica,Serbia,False,2018,5,0,12,0,-7,0,4913177,60516044657.0,12317.09,23,7020858,44179075779.0,6292.55,34,-2107681,16336968878.0,6024.54,-11
2018-06-17,Germany,Mexico,0,1,FIFA World Cup,Moscow,Russia,True,Germany,Colombia,False,2018,23,22,6,2,17,20,82657002,3690849152518.0,44652.59,1,123400057,1190721475906.0,9649.28,15,-40743055,2500127676612.0,35003.31,-14
2018-06-17,Brazil,Switzerland,1,1,FIFA World Cup,Rostov-on-Don,Russia,True,Brazil,Switzerland,False,2018,17,12,19,7,-2,5,204703445,2063514977334.0,10080.51,2,8451840,695200833086.0,82254.38,6,196251605,1368314144248.0,-72173.87000000001,-4
2018-06-18,Sweden,South Korea,1,0,FIFA World Cup,Nizhny Novgorod,Russia,True,Sweden,South Korea,True,2018,13,3,4,0,9,3,10057698,541018749769.0,53791.51,24,51361911,1623074183502.0,31600.74,57,-41304213,-1082055433733.0,22190.77,-33
2018-06-18,Belgium,Panama,3,0,FIFA World Cup,Sochi,Russia,True,Spain,Colombia,True,2018,20,8,0,0,20,8,11375158,502764720556.0,44198.48,3,4098707,62202700000.0,15176.18,55,7276451,440562020556.0,29022.300000000003,-52
2018-06-18,Tunisia,England,1,2,FIFA World Cup,Volgograd,Russia,True,Tunisia,England,False,2018,6,0,23,24,-17,-24,11650498,42163530591.0,3619.03,21,55609338,2304927325008.0,41448.57,12,-43958840,-2262763794417.0,-37829.54,9
2018-06-19,Colombia,Japan,1,2,FIFA World Cup,Saransk,Russia,True,Argentina,Japan,False,2018,12,0,12,0,0,0,48131078,311866875157.0,6479.53,16,126972000,4930837369151.0,38834.05,61,-78840922,-4618970493994.0,-32354.520000000004,-45
2018-06-19,Poland,Senegal,1,2,FIFA World Cup,Moscow,Russia,True,Poland,Senegal,False,2018,13,4,13,1,0,3,37974826,524641252835.0,13815.5,8,15475002,20996562944.0,1356.81,27,22499824,503644689891.0,12458.69,-19
2018-06-19,Russia,Egypt,3,1,FIFA World Cup,Saint Petersburg,Russia,False,Russia,Argentina,True,2018,1,0,3,0,-2,0,145293260,1574199360089.0,10834.63,70,103696057,248362771739.0,2395.1,45,41597203,1325836588350.0,8439.529999999999,25
2018-06-20,Portugal,Morocco,1,0,FIFA World Cup,Moscow,Russia,True,Portugal,France,True,2018,11,1,6,0,5,1,10300300,221357874719.0,21490.43,4,35446392,118540573368.0,3344.22,41,-25146092,102817301351.0,18146.21,-37
2018-06-20,Uruguay,Saudi Arabia,1,0,FIFA World Cup,Rostov-on-Don,Russia,True,Uruguay,Spain,True,2018,10,0,0,0,10,0,3388438,65006047680.0,19184.66,14,30977355,714994666667.0,23081.2,67,-27588917,-649988618987.0,-3896.540000000001,-53
2018-06-20,Iran,Spain,0,1,FIFA World Cup,Kazan,Russia,True,Portugal,Spain,False,2018,0,0,19,13,-19,-13,85026754,486630147094.0,5723.26,37,46571232,1313245330198.0,28198.64,10,38455522,-826615183104.0,-22475.379999999997,27
2018-06-21,Denmark,Australia,1,1,FIFA World Cup,Samara,Russia,True,Norway,Netherlands,False,2018,14,1,3,0,11,1,5764980,332121063806.0,57610.1,12,24592588,1326882104817.0,53954.55,36,-18827608,-994761041011.0,3655.5499999999956,-24
2018-06-21,France,Peru,1,0,FIFA World Cup,Ekaterinburg,Russia,True,France,Argentina,True,2018,22,14,1,0,21,14,66918020,2595151045198.0,38781.05,7,31324637,211007984081.0,6736.17,11,35593383,2384143061117.0,32044.880000000005,-4
2018-06-21,Argentina,Croatia,0,3,FIFA World Cup,Nizhny Novgorod,Russia,True,Argentina,Croatia,False,2018,13,5,15,3,-2,2,44288894,643628393281.0,14532.5,5,4041407,56322449844.0,13936.35,20,40247487,587305943437.0,596.1499999999996,-15
2018-06-22,Brazil,Costa Rica,2,0,FIFA World Cup,Saint Petersburg,Russia,True,Brazil,Costa Rica,True,2018,17,12,5,0,12,12,204703445,2063514977334.0,10080.51,2,4913177,60516044657.0,12317.09,23,199790268,2002998932677.0,-2236.58,-21
2018-06-22,Nigeria,Iceland,2,0,FIFA World Cup,Volgograd,Russia,True,Germany,Iceland,True,2018,9,1,4,0,5,1,200254579,375745731053.0,1876.34,48,343400,24728285177.0,72010.15,22,199911179,351017445876.0,-70133.81,26
2018-06-22,Serbia,Switzerland,1,2,FIFA World Cup,Kaliningrad,Russia,True,Serbia,Switzerland,False,2018,12,0,19,7,-7,-7,7020858,44179075779.0,6292.55,34,8451840,695200833086.0,82254.38,6,-1430982,-651021757307.0,-75961.83,28
2018-06-23,Belgium,Tunisia,5,2,FIFA World Cup,Moscow,Russia,True,Spain,Tunisia,True,2018,20,8,6,0,14,8,11375158,502764720556.0,44198.48,3,11650498,42163530591.0,3619.03,21,-275340,460601189965.0,40579.450000000004,-18
2018-06-23,South Korea,Mexico,1,2,FIFA World Cup,Rostov-on-Don,Russia,True,South Korea,Colombia,False,2018,4,0,6,2,-2,-2,51361911,1623074183502.0,31600.74,57,123400057,1190721475906.0,9649.28,15,-72038146,432352707596.0,21951.46,42
2018-06-23,Germany,Sweden,2,1,FIFA World Cup,Sochi,Russia,True,Germany,Sweden,True,2018,23,22,13,3,10,19,82657002,3690849152518.0,44652.59,1,10057698,541018749769.0,53791.51,24,72599304,3149830402749.0,-9138.920000000006,-23
2018-06-24,England,Panama,6,1,FIFA World Cup,Nizhny Novgorod,Russia,True,England,Colombia,True,2018,23,24,0,0,23,24,55609338,2304927325008.0,41448.57,12,4098707,62202700000.0,15176.18,55,51510631,2242724625008.0,26272.39,-43
2018-06-24,Japan,Senegal,2,2,FIFA World Cup,Ekaterinburg,Russia,True,Japan,Senegal,False,2018,12,0,13,1,-1,-1,126972000,4930837369151.0,38834.05,61,15475002,20996562944.0,1356.81,27,111496998,4909840806207.0,37477.240000000005,34
2018-06-24,Poland,Colombia,0,3,FIFA World Cup,Kazan,Russia,True,Poland,Argentina,False,2018,13,4,12,0,1,4,37974826,524641252835.0,13815.5,8,48131078,311866875157.0,6479.53,16,-10156252,212774377678.0,7335.97,-8
2018-06-25,Russia,Uruguay,0,3,FIFA World Cup,Samara,Russia,False,Russia,Uruguay,False,2018,1,0,10,0,-9,0,145293260,1574199360089.0,10834.63,70,3388438,65006047680.0,19184.66,14,141904822,1509193312409.0,-8350.03,56
2018-06-25,Saudi Arabia,Egypt,2,1,FIFA World Cup,Volgograd,Russia,True,Spain,Argentina,True,2018,0,0,3,0,-3,0,30977355,714994666667.0,23081.2,67,103696057,248362771739.0,2395.1,45,-72718702,466631894928.0,20686.100000000002,22
2018-06-25,Spain,Morocco,2,2,FIFA World Cup,Kaliningrad,Russia,True,Spain,France,False,2018,19,13,6,0,13,13,46571232,1313245330198.0,28198.64,10,35446392,118540573368.0,3344.22,41,11124840,1194704756830.0,24854.42,-31
2018-06-25,Iran,Portugal,1,1,FIFA World Cup,Saransk,Russia,True,Portugal,Portugal,False,2018,0,0,11,1,-11,-1,85026754,486630147094.0,5723.26,37,10300300,221357874719.0,21490.43,4,74726454,265272272375.0,-15767.17,33
2018-06-26,Australia,Peru,0,2,FIFA World Cup,Sochi,Russia,True,Netherlands,Argentina,False,2018,3,0,1,0,2,0,24592588,1326882104817.0,53954.55,36,31324637,211007984081.0,6736.17,11,-6732049,1115874120736.0,47218.380000000005,25
2018-06-26,Denmark,France,0,0,FIFA World Cup,Moscow,Russia,True,Norway,France,False,2018,14,1,22,14,-8,-13,5764980,332121063806.0,57610.1,12,66918020,2595151045198.0,38781.05,7,-61153040,-2263029981392.0,18829.049999999996,5
2018-06-26,Nigeria,Argentina,1,2,FIFA World Cup,Saint Petersburg,Russia,True,Germany,Argentina,False,2018,9,1,13,5,-4,-4,200254579,375745731053.0,1876.34,48,44288894,643628393281.0,14532.5,5,155965685,-267882662228.0,-12656.16,43
2018-06-26,Iceland,Croatia,1,2,FIFA World Cup,Rostov-on-Don,Russia,True,Iceland,Croatia,False,2018,4,0,15,3,-11,-3,343400,24728285177.0,72010.15,22,4041407,56322449844.0,13936.35,20,-3698007,-31594164667.0,58073.799999999996,2
2018-06-27,South Korea,Germany,2,0,FIFA World Cup,Kazan,Russia,True,South Korea,Germany,True,2018,4,0,23,22,-19,-22,51361911,1623074183502.0,31600.74,57,82657002,3690849152518.0,44652.59,1,-31295091,-2067774969016.0,-13051.849999999995,56
2018-06-27,Mexico,Sweden,0,3,FIFA World Cup,Ekaterinburg,Russia,True,Colombia,Sweden,False,2018,6,2,13,3,-7,-1,123400057,1190721475906.0,9649.28,15,10057698,541018749769.0,53791.51,24,113342359,649702726137.0,-44142.23,-9
2018-06-27,Serbia,Brazil,0,2,FIFA World Cup,Moscow,Russia,True,Serbia,Brazil,False,2018,12,0,17,12,-5,-12,7020858,44179075779.0,6292.55,34,204703445,2063514977334.0,10080.51,2,-197682587,-2019335901555.0,-3787.96,32
2018-06-27,Switzerland,Costa Rica,2,2,FIFA World Cup,Nizhny Novgorod,Russia,True,Switzerland,Costa Rica,False,2018,19,7,5,0,14,7,8451840,695200833086.0,82254.38,6,4913177,60516044657.0,12317.09,23,3538663,634684788429.0,69937.29000000001,-17
2018-06-28,Japan,Poland,0,1,FIFA World Cup,Volgograd,Russia,True,Japan,Poland,False,2018,12,0,13,4,-1,-4,126972000,4930837369151.0,38834.05,61,37974826,524641252835.0,13815.5,8,88997174,4406196116316.0,25018.550000000003,53
2018-06-28,Senegal,Colombia,0,1,FIFA World Cup,Samara,Russia,True,Senegal,Argentina,False,2018,13,1,12,0,1,1,15475002,20996562944.0,1356.81,27,48131078,311866875157.0,6479.53,16,-32656076,-290870312213.0,-5122.719999999999,11
2018-06-28,Panama,Tunisia,1,2,FIFA World Cup,Saransk,Russia,True,Colombia,Tunisia,False,2018,0,0,6,0,-6,0,4098707,62202700000.0,15176.18,55,11650498,42163530591.0,3619.03,21,-7551791,20039169409.0,11557.15,34
2018-06-28,England,Belgium,0,1,FIFA World Cup,Kaliningrad,Russia,True,England,Spain,False,2018,23,24,20,8,3,16,55609338,2304927325008.0,41448.57,12,11375158,502764720556.0,44198.48,3,44234180,1802162604452.0,-2749.9100000000035,9
2018-06-30,France,Argentina,4,3,FIFA World Cup,Kazan,Russia,True,France,Argentina,True,2018,22,14,13,5,9,9,66918020,2595151045198.0,38781.05,7,44288894,643628393281.0,14532.5,5,22629126,1951522651917.0,24248.550000000003,2
2018-06-30,Uruguay,Portugal,2,1,FIFA World Cup,Sochi,Russia,True,Uruguay,Portugal,True,2018,10,0,11,1,-1,-1,3388438,65006047680.0,19184.66,14,10300300,221357874719.0,21490.43,4,-6911862,-156351827039.0,-2305.7700000000004,10
2018-07-01,Russia,Spain,1,1,FIFA World Cup,Moscow,Russia,False,Russia,Spain,False,2018,1,0,19,13,-18,-13,145293260,1574199360089.0,10834.63,70,46571232,1313245330198.0,28198.64,10,98722028,260954029891.0,-17364.010000000002,60
2018-07-01,Croatia,Denmark,1,1,FIFA World Cup,Nizhny Novgorod,Russia,True,Croatia,Norway,False,2018,15,3,14,1,1,2,4041407,56322449844.0,13936.35,20,5764980,332121063806.0,57610.1,12,-1723573,-275798613962.0,-43673.75,8
2018-07-02,Brazil,Mexico,2,0,FIFA World Cup,Samara,Russia,True,Brazil,Colombia,True,2018,17,12,6,2,11,10,204703445,2063514977334.0,10080.51,2,123400057,1190721475906.0,9649.28,15,81303388,872793501428.0,431.22999999999956,-13
2018-07-02,Belgium,Japan,3,2,FIFA World Cup,Rostov-on-Don,Russia,True,Spain,Japan,True,2018,20,8,12,0,8,8,11375158,502764720556.0,44198.48,3,126972000,4930837369151.0,38834.05,61,-115596842,-4428072648595.0,5364.43,-58
2018-07-03,Sweden,Switzerland,1,0,FIFA World Cup,Saint Petersburg,Russia,True,Sweden,Switzerland,True,2018,13,3,19,7,-6,-4,10057698,541018749769.0,53791.51,24,8451840,695200833086.0,82254.38,6,1605858,-154182083317.0,-28462.870000000003,18
2018-07-03,Colombia,England,1,1,FIFA World Cup,Moscow,Russia,True,Argentina,England,False,2018,12,0,23,24,-11,-24,48131078,311866875157.0,6479.53,16,55609338,2304927325008.0,41448.57,12,-7478260,-1993060449851.0,-34969.04,4
2018-07-06,Uruguay,France,0,2,FIFA World Cup,Nizhny Novgorod,Russia,True,Uruguay,France,False,2018,10,0,22,14,-12,-14,3388438,65006047680.0,19184.66,14,66918020,2595151045198.0,38781.05,7,-63529582,-2530144997518.0,-19596.390000000003,7
2018-07-06,Brazil,Belgium,1,2,FIFA World Cup,Kazan,Russia,True,Brazil,Spain,False,2018,17,12,20,8,-3,4,204703445,2063514977334.0,10080.51,2,11375158,502764720556.0,44198.48,3,193328287,1560750256778.0,-34117.97,-1
2018-07-07,Sweden,England,0,2,FIFA World Cup,Samara,Russia,True,Sweden,England,False,2018,13,3,23,24,-10,-21,10057698,541018749769.0,53791.51,24,55609338,2304927325008.0,41448.57,12,-45551640,-1763908575239.0,12342.940000000002,12
2018-07-07,Russia,Croatia,2,2,FIFA World Cup,Sochi,Russia,False,Russia,Croatia,False,2018,1,0,15,3,-14,-3,145293260,1574199360089.0,10834.63,70,4041407,56322449844.0,13936.35,20,141251853,1517876910245.0,-3101.720000000001,50
2018-07-10,France,Belgium,1,0,FIFA World Cup,Saint Petersburg,Russia,True,France,Spain,True,2018,22,14,20,8,2,6,66918020,2595151045198.0,38781.05,7,11375158,502764720556.0,44198.48,3,55542862,2092386324642.0,-5417.43,4
2018-07-11,Croatia,England,2,1,FIFA World Cup,Moscow,Russia,True,Croatia,England,True,2018,15,3,23,24,-8,-21,4041407,56322449844.0,13936.35,20,55609338,2304927325008.0,41448.57,12,-51567931,-2248604875164.0,-27512.22,8
2018-07-14,Belgium,England,2,0,FIFA World Cup,Saint Petersburg,Russia,True,Spain,England,True,2018,20,8,23,24,-3,-16,11375158,502764720556.0,44198.48,3,55609338,2304927325008.0,41448.57,12,-44234180,-1802162604452.0,2749.9100000000035,-9
2018-07-15,France,Croatia,4,2,FIFA World Cup,Moscow,Russia,True,France,Croatia,True,2018,22,14,15,3,7,11,66918020,2595151045198.0,38781.05,7,4041407,56322449844.0,13936.35,20,62876613,2538828595354.0,24844.700000000004,-13
2022-11-20,Qatar,Ecuador,0,2,FIFA World Cup,Al Khor,Qatar,False,Spain,Argentina,False,2022,0,0,7,3,-7,-3,2504910,179732009560.0,71751.88,50,17682454,107435101000.0,6075.8,44,-15177544,72296908560.0,65676.08,6
2022-11-21,Senegal,Netherlands,0,2,FIFA World Cup,Doha,Qatar,True,Senegal,Netherlands,False,2022,16,3,14,6,2,-3,17220867,27520784130.0,1598.11,18,17533044,1029678338329.0,58727.87,8,-312177,-1002157554199.0,-57129.76,10
2022-11-21,England,Iran,6,2,FIFA World Cup,Al Rayyan,Qatar,True,England,Portugal,True,2022,26,25,2,0,24,25,56467512,2701695294692.0,47845.13,5,88455488,359096907772.0,4059.63,20,-31987976,2342598386920.0,43785.5,-15
2022-11-21,United States,Wales,1,1,FIFA World Cup,Al Rayyan,Qatar,True,United States,Wales,False,2022,13,4,12,5,1,-1,332099760,23594031000000.0,71045.01,16,3081264,106811209325.0,34664.74,19,329018496,23487219790675.0,36380.27,-3
2022-11-22,Argentina,Saudi Arabia,1,2,FIFA World Cup,Lusail,Qatar,True,Argentina,France,False,2022,23,10,0,0,23,10,45312281,487902572164.0,10767.56,3,30784383,874156000000.0,28396.09,51,14527898,-386253427836.0,-17628.53,-48
2022-11-22,Mexico,Poland,0,0,FIFA World Cup,Doha,Qatar,True,Argentina,Poland,False,2022,6,0,16,4,-10,-4,127648148,1313069763987.0,10286.63,13,36981559,681346077609.0,18423.94,26,90666589,631723686378.0,-8137.3099999999995,-13
2022-11-22,Denmark,Tunisia,0,0,FIFA World Cup,Al Rayyan,Qatar,True,Denmark,Tunisia,False,2022,19,7,5,0,14,7,5856733,405687998853.0,69268.65,10,12048622,46812290143.0,3885.28,30,-6191889,358875708710.0,65383.369999999995,-20
2022-11-22,France,Australia,4,1,FIFA World Cup,Al Wakrah,Qatar,True,France,Australia,True,2022,25,12,3,0,22,12,67842811,2959355819170.0,43620.77,4,25685412,1559033756285.0,60697.25,38,42157399,1400322062885.0,-17076.480000000003,-34
2022-11-23,Germany,Japan,1,2,FIFA World Cup,Al Rayyan,Qatar,True,Germany,Japan,False,2022,26,34,12,1,14,33,83196078,4278503934690.0,51426.75,11,125681593,5034620784585.0,40058.54,24,-42485515,-756116849895.0,11368.21,-13
2022-11-23,Spain,Costa Rica,7,0,FIFA World Cup,Doha,Qatar,True,Spain,Colombia,True,2022,25,36,1,0,24,36,47443821,1445651653605.0,30470.81,7,5059988,64960725734.0,12838.12,31,42383833,1380690927871.0,17632.690000000002,-24
2022-11-23,Morocco,Croatia,0,0,FIFA World Cup,Al Khor,Qatar,True,Morocco,Croatia,False,2022,14,2,18,0,-4,2,36954442,141817797083.0,3837.64,22,3878981,69602166351.0,17943.42,12,33075461,72215630732.0,-14105.779999999999,10
2022-11-23,Belgium,Canada,1,0,FIFA World Cup,Al Rayyan,Qatar,True,Spain,England,True,2022,19,7,4,0,15,7,11586195,600904461226.0,51863.83,2,38239864,2007472181464.0,52496.84,41,-26653669,-1406567720238.0,-633.0099999999948,-39
2022-11-24,Switzerland,Cameroon,1,0,FIFA World Cup,Al Wakrah,Qatar,True,Switzerland,Cameroon,True,2022,17,3,10,1,7,2,8704546,813408787222.0,93446.43,15,26915758,44993521774.0,1671.64,43,-18211212,768415265448.0,91774.79,-28
2022-11-24,Brazil,Serbia,2,0,FIFA World Cup,Lusail,Qatar,True,Brazil,Serbia,True,2022,22,15,16,11,6,4,209550294,1670647399035.0,7972.54,1,6834326,63101042898.0,9232.96,21,202715968,1607546356137.0,-1260.4199999999992,-20
2022-11-24,Uruguay,South Korea,0,0,FIFA World Cup,Al Rayyan,Qatar,True,Uruguay,Portugal,False,2022,10,1,2,0,8,1,3396695,60760798596.0,17888.21,14,51769539,1818432106880.0,35125.52,28,-48372844,-1757671308284.0,-17237.309999999998,-14
2022-11-24,Portugal,Ghana,3,2,FIFA World Cup,Doha,Qatar,True,Portugal,Ghana,True,2022,19,12,14,1,5,11,10361831,255534839406.0,24661.17,9,32518665,79524421861.0,2445.5,61,-22156834,176010417545.0,22215.67,-52
2022-11-25,Qatar,Senegal,1,3,FIFA World Cup,Doha,Qatar,False,Spain,Senegal,False,2022,0,0,16,3,-16,-3,2504910,179732009560.0,71751.88,50,17220867,27520784130.0,1598.11,18,-14715957,152211225430.0,70153.77,32
2022-11-25,Netherlands,Ecuador,1,1,FIFA World Cup,Al Rayyan,Qatar,True,Netherlands,Argentina,False,2022,14,6,7,3,7,3,17533044,1029678338329.0,58727.87,8,17682454,107435101000.0,6075.8,44,-149410,922243237329.0,52652.07,-36
2022-11-25,Wales,Iran,0,2,FIFA World Cup,Al Rayyan,Qatar,True,Wales,Portugal,False,2022,12,5,2,0,10,5,3081264,106811209325.0,34664.74,19,88455488,359096907772.0,4059.63,20,-85374224,-252285698447.0,30605.109999999997,-1
2022-11-25,England,United States,0,0,FIFA World Cup,Al Khor,Qatar,True,England,United States,False,2022,26,25,13,4,13,21,56467512,2701695294692.0,47845.13,5,332099760,23594031000000.0,71045.01,16,-275632248,-20892335705308.0,-23199.879999999997,-11
2022-11-26,Poland,Saudi Arabia,2,0,FIFA World Cup,Al Rayyan,Qatar,True,Poland,France,True,2022,16,4,0,0,16,4,36981559,681346077609.0,18423.94,26,30784383,874156000000.0,28396.09,51,6197176,-192809922391.0,-9972.150000000001,-25
2022-11-26,Argentina,Mexico,2,0,FIFA World Cup,Lusail,Qatar,True,Argentina,Argentina,True,2022,23,10,6,0,17,10,45312281,487902572164.0,10767.56,3,127648148,1313069763987.0,10286.63,13,-82335867,-825167191823.0,480.9300000000003,-10
2022-11-26,Tunisia,Australia,0,1,FIFA World Cup,Al Wakrah,Qatar,True,Tunisia,Australia,False,2022,5,0,3,0,2,0,12048622,46812290143.0,3885.28,30,25685412,1559033756285.0,60697.25,38,-13636790,-1512221466142.0,-56811.97,-8
2022-11-26,France,Denmark,2,1,FIFA World Cup,Doha,Qatar,True,France,Denmark,True,2022,25,12,19,7,6,5,67842811,2959355819170.0,43620.77,4,5856733,405687998853.0,69268.65,10,61986078,2553667820317.0,-25647.879999999997,-6
2022-11-27,Japan,Costa Rica,0,1,FIFA World Cup,Al Rayyan,Qatar,True,Japan,Colombia,False,2022,12,1,1,0,11,1,125681593,5034620784585.0,40058.54,24,5059988,64960725734.0,12838.12,31,120621605,4969660058851.0,27220.42,-7
2022-11-27,Spain,Germany,1,1,FIFA World Cup,Al Khor,Qatar,True,Spain,Germany,False,2022,25,36,26,34,-1,2,47443821,1445651653605.0,30470.81,7,83196078,4278503934690.0,51426.75,11,-35752257,-2832852281085.0,-20955.94,-4
2022-11-27,Belgium,Morocco,0,2,FIFA World Cup,Doha,Qatar,True,Spain,Morocco,False,2022,19,7,14,2,5,5,11586195,600904461226.0,51863.83,2,36954442,141817797083.0,3837.64,22,-25368247,459086664143.0,48026.19,-20
2022-11-27,Croatia,Canada,4,1,FIFA World Cup,Al Rayyan,Qatar,True,Croatia,England,True,2022,18,0,4,0,14,0,3878981,69602166351.0,17943.42,12,38239864,2007472181464.0,52496.84,41,-34360883,-1937870015113.0,-34553.42,-29
2022-11-28,Cameroon,Serbia,3,3,FIFA World Cup,Al Wakrah,Qatar,True,Cameroon,Serbia,False,2022,10,1,16,11,-6,-10,26915758,44993521774.0,1671.64,43,6834326,63101042898.0,9232.96,21,20081432,-18107521124.0,-7561.319999999999,22
2022-11-28,Brazil,Switzerland,1,0,FIFA World Cup,Doha,Qatar,True,Brazil,Switzerland,True,2022,22,15,17,3,5,12,209550294,1670647399035.0,7972.54,1,8704546,813408787222.0,93446.43,15,200845748,857238611813.0,-85473.89,-14
2022-11-28,South Korea,Ghana,2,3,FIFA World Cup,Al Rayyan,Qatar,True,Portugal,Ghana,False,2022,2,0,14,1,-12,-1,51769539,1818432106880.0,35125.52,28,32518665,79524421861.0,2445.5,61,19250874,1738907685019.0,32680.019999999997,-33
2022-11-28,Portugal,Uruguay,2,0,FIFA World Cup,Lusail,Qatar,True,Portugal,Uruguay,True,2022,19,12,10,1,9,11,10361831,255534839406.0,24661.17,9,3396695,60760798596.0,17888.21,14,6965136,194774040810.0,6772.959999999999,-5
2022-11-29,Ecuador,Senegal,1,2,FIFA World Cup,Al Rayyan,Qatar,True,Argentina,Senegal,False,2022,7,3,16,3,-9,0,17682454,107435101000.0,6075.8,44,17220867,27520784130.0,1598.11,18,461587,79914316870.0,4477.6900000000005,26
2022-11-29,Qatar,Netherlands,0,2,FIFA World Cup,Al Khor,Qatar,False,Spain,Netherlands,False,2022,0,0,14,6,-14,-6,2504910,179732009560.0,71751.88,50,17533044,1029678338329.0,58727.87,8,-15028134,-849946328769.0,13024.010000000002,42
2022-11-29,Wales,England,0,3,FIFA World Cup,Al Rayyan,Qatar,True,Wales,England,False,2022,12,5,26,25,-14,-20,3081264,106811209325.0,34664.74,19,56467512,2701695294692.0,47845.13,5,-53386248,-2594884085367.0,-13180.39,14
2022-11-29,Iran,United States,0,1,FIFA World Cup,Doha,Qatar,True,Portugal,United States,False,2022,2,0,13,4,-11,-4,88455488,359096907772.0,4059.63,20,332099760,23594031000000.0,71045.01,16,-243644272,-23234934092228.0,-66985.37999999999,4
2022-11-30,Poland,Argentina,0,2,FIFA World Cup,Doha,Qatar,True,Poland,Argentina,False,2022,16,4,23,10,-7,-6,36981559,681346077609.0,18423.94,26,45312281,487902572164.0,10767.56,3,-8330722,193443505445.0,7656.379999999999,23
2022-11-30,Saudi Arabia,Mexico,1,2,FIFA World Cup,Lusail,Qatar,True,France,Argentina,False,2022,0,0,6,0,-6,0,30784383,874156000000.0,28396.09,51,127648148,1313069763987.0,10286.63,13,-96863765,-438913763987.0,18109.46,38
2022-11-30,Australia,Denmark,1,0,FIFA World Cup,Al Wakrah,Qatar,True,Australia,Denmark,True,2022,3,0,19,7,-16,-7,25685412,1559033756285.0,60697.25,38,5856733,405687998853.0,69268.65,10,19828679,1153345757432.0,-8571.399999999994,28
2022-11-30,Tunisia,France,1,0,FIFA World Cup,Al Rayyan,Qatar,True,Tunisia,France,True,2022,5,0,25,12,-20,-12,12048622,46812290143.0,3885.28,30,67842811,2959355819170.0,43620.77,4,-55794189,-2912543529027.0,-39735.49,26
2022-12-01,Japan,Spain,2,1,FIFA World Cup,Al Rayyan,Qatar,True,Japan,Spain,True,2022,12,1,25,36,-13,-35,125681593,5034620784585.0,40058.54,24,47443821,1445651653605.0,30470.81,7,78237772,3588969130980.0,9587.73,17
2022-12-01,Costa Rica,Germany,2,4,FIFA World Cup,Al Khor,Qatar,True,Colombia,Germany,False,2022,1,0,26,34,-25,-34,5059988,64960725734.0,12838.12,31,83196078,4278503934690.0,51426.75,11,-78136090,-4213543208956.0,-38588.63,20
2022-12-01,Croatia,Belgium,0,0,FIFA World Cup,Al Rayyan,Qatar,True,Croatia,Spain,False,2022,18,0,19,7,-1,-7,3878981,69602166351.0,17943.42,12,11586195,600904461226.0,51863.83,2,-7707214,-531302294875.0,-33920.41,10
2022-12-01,Canada,Morocco,1,2,FIFA World Cup,Doha,Qatar,True,England,Morocco,False,2022,4,0,14,2,-10,-2,38239864,2007472181464.0,52496.84,41,36954442,141817797083.0,3837.64,22,1285422,1865654384381.0,48659.2,19
2022-12-02,Serbia,Switzerland,2,3,FIFA World Cup,Doha,Qatar,True,Serbia,Switzerland,False,2022,16,11,17,3,-1,8,6834326,63101042898.0,9232.96,21,8704546,813408787222.0,93446.43,15,-1870220,-750307744324.0,-84213.47,6
2022-12-02,Cameroon,Brazil,1,0,FIFA World Cup,Lusail,Qatar,True,Cameroon,Brazil,True,2022,10,1,22,15,-12,-14,26915758,44993521774.0,1671.64,43,209550294,1670647399035.0,7972.54,1,-182634536,-1625653877261.0,-6300.9,42
2022-12-02,Ghana,Uruguay,0,2,FIFA World Cup,Al Wakrah,Qatar,True,Ghana,Uruguay,False,2022,14,1,10,1,4,0,32518665,79524421861.0,2445.5,61,3396695,60760798596.0,17888.21,14,29121970,18763623265.0,-15442.71,47
2022-12-02,South Korea,Portugal,2,1,FIFA World Cup,Al Rayyan,Qatar,True,Portugal,Portugal,True,2022,2,0,19,12,-17,-12,51769539,1818432106880.0,35125.52,28,10361831,255534839406.0,24661.17,9,41407708,1562897267474.0,10464.349999999999,19
2022-12-03,Netherlands,United States,3,1,FIFA World Cup,Al Rayyan,Qatar,True,Netherlands,United States,True,2022,14,6,13,4,1,2,17533044,1029678338329.0,58727.87,8,332099760,23594031000000.0,71045.01,16,-314566716,-22564352661671.0,-12317.139999999992,-8
2022-12-03,Argentina,Australia,2,1,FIFA World Cup,Al Rayyan,Qatar,True,Argentina,Australia,True,2022,23,10,3,0,20,10,45312281,487902572164.0,10767.56,3,25685412,1559033756285.0,60697.25,38,19626869,-1071131184121.0,-49929.69,-35
2022-12-04,France,Poland,3,1,FIFA World Cup,Doha,Qatar,True,France,Poland,True,2022,25,12,16,4,9,8,67842811,2959355819170.0,43620.77,4,36981559,681346077609.0,18423.94,26,30861252,2278009741561.0,25196.829999999998,-22
2022-12-04,England,Senegal,3,0,FIFA World Cup,Al Khor,Qatar,True,England,Senegal,True,2022,26,25,16,3,10,22,56467512,2701695294692.0,47845.13,5,17220867,27520784130.0,1598.11,18,39246645,2674174510562.0,46247.02,-13
2022-12-05,Japan,Croatia,1,1,FIFA World Cup,Al Wakrah,Qatar,True,Japan,Croatia,False,2022,12,1,18,0,-6,1,125681593,5034620784585.0,40058.54,24,3878981,69602166351.0,17943.42,12,121802612,4965018618234.0,22115.120000000003,12
2022-12-05,Brazil,South Korea,4,1,FIFA World Cup,Doha,Qatar,True,Brazil,Portugal,True,2022,22,15,2,0,20,15,209550294,1670647399035.0,7972.54,1,51769539,1818432106880.0,35125.52,28,157780755,-147784707845.0,-27152.979999999996,-27
2022-12-06,Morocco,Spain,0,0,FIFA World Cup,Al Rayyan,Qatar,True,Morocco,Spain,False,2022,14,2,25,36,-11,-34,36954442,141817797083.0,3837.64,22,47443821,1445651653605.0,30470.81,7,-10489379,-1303833856522.0,-26633.170000000002,15
2022-12-06,Portugal,Switzerland,6,1,FIFA World Cup,Lusail,Qatar,True,Portugal,Switzerland,True,2022,19,12,17,3,2,9,10361831,255534839406.0,24661.17,9,8704546,813408787222.0,93446.43,15,1657285,-557873947816.0,-68785.26,-6
2022-12-09,Croatia,Brazil,1,1,FIFA World Cup,Al Rayyan,Qatar,True,Croatia,Brazil,False,2022,18,0,22,15,-4,-15,3878981,69602166351.0,17943.42,12,209550294,1670647399035.0,7972.54,1,-205671313,-1601045232684.0,9970.879999999997,11
2022-12-09,Netherlands,Argentina,2,2,FIFA World Cup,Lusail,Qatar,True,Netherlands,Argentina,False,2022,14,6,23,10,-9,-4,17533044,1029678338329.0,58727.87,8,45312281,487902572164.0,10767.56,3,-27779237,541775766165.0,47960.310000000005,5
2022-12-10,Morocco,Portugal,1,0,FIFA World Cup,Doha,Qatar,True,Morocco,Portugal,True,2022,14,2,19,12,-5,-10,36954442,141817797083.0,3837.64,22,10361831,255534839406.0,24661.17,9,26592611,-113717042323.0,-20823.53,13
2022-12-10,England,France,1,2,FIFA World Cup,Al Khor,Qatar,True,England,France,False,2022,26,25,25,12,1,13,56467512,2701695294692.0,47845.13,5,67842811,2959355819170.0,43620.77,4,-11375299,-257660524478.0,4224.360000000001,1
2022-12-13,Argentina,Croatia,3,0,FIFA World Cup,Lusail,Qatar,True,Argentina,Croatia,True,2022,23,10,18,0,5,10,45312281,487902572164.0,10767.56,3,3878981,69602166351.0,17943.42,12,41433300,418300405813.0,-7175.859999999999,-9
2022-12-14,France,Morocco,2,0,FIFA World Cup,Al Khor,Qatar,True,France,Morocco,True,2022,25,12,14,2,11,10,67842811,2959355819170.0,43620.77,4,36954442,141817797083.0,3837.64,22,30888369,2817538022087.0,39783.13,-18
2022-12-17,Croatia,Morocco,2,1,FIFA World Cup,Al Rayyan,Qatar,True,Croatia,Morocco,True,2022,18,0,14,2,4,-2,3878981,69602166351.0,17943.42,12,36954442,141817797083.0,3837.64,22,-33075461,-72215630732.0,14105.779999999999,-10
2022-12-18,Argentina,France,3,3,FIFA World Cup,Lusail,Qatar,True,Argentina,France,False,2022,23,10,25,12,-2,-2,45312281,487902572164.0,10767.56,3,67842811,2959355819170.0,43620.77,4,-22530530,-2471453247006.0,-32853.21,-1
2026-06-11,Mexico,South Africa,2,0,FIFA World Cup,Mexico City,Mexico,False,Mexico,Belgium,True,2026,5,0,1,0,4,0,130861007,1788886821047.0,13670.13,14,64007187,377781600986.0,5902.17,60,66853820,1411105220061.0,7767.959999999999,-46
2026-06-11,South Korea,Czech Republic,2,1,FIFA World Cup,Zapopan,Mexico,True,South Korea,Czechia,True,2026,5,0,7,3,-2,-3,51751065,1712792854202.0,33096.77,25,10905028,330858339872.0,30339.98,40,40846037,1381934514330.0,2756.7899999999972,-15
2026-06-12,Canada,Bosnia and Herzegovina,1,1,FIFA World Cup,Toronto,Canada,False,United States,Bosnia and Herzegovina,False,2026,6,1,5,0,1,1,41288599,2140085567791.0,51832.36,30,3164253,27054889363.0,8550.17,64,38124346,2113030678428.0,43282.19,-34
2026-06-12,United States,Paraguay,4,1,FIFA World Cup,Inglewood,United States,False,Argentina,Argentina,True,2026,13,1,4,0,9,1,340110988,27360935000000.0,80447.08,17,6929153,42956263544.0,6199.35,41,333181835,27317978736456.0,74247.73,-24
2026-06-13,Qatar,Switzerland,1,1,FIFA World Cup,Santa Clara,United States,True,Spain,Switzerland,False,2026,0,0,23,1,-23,-1,2857822,235770403735.0,82500.03,56,9005582,884940402230.0,98265.76,19,-6147760,-649169998495.0,-15765.729999999996,37
2026-06-13,Brazil,Morocco,1,1,FIFA World Cup,East Rutherford,United States,True,Italy,Morocco,False,2026,14,2,15,1,-1,1,211998573,2173665655937.0,10253.21,6,38081173,141109373209.0,3705.49,7,173917400,2032556282728.0,6547.719999999999,-1
2026-06-13,Haiti,Scotland,0,1,FIFA World Cup,Foxborough,United States,True,France,Scotland,False,2026,4,0,11,1,-7,-1,11772557,19850829758.0,1686.2,83,5607306,250502428550.0,44674.29,42,6165251,-230651598792.0,-42988.090000000004,41
2026-06-13,Australia,Turkey,2,0,FIFA World Cup,Vancouver,Canada,True,Australia,Italy,True,2026,5,1,9,0,-4,1,27196812,1723827215335.0,63383.43,27,85518661,1108022373260.0,12956.5,22,-58321849,615804842075.0,50426.93,5
2026-06-14,Germany,Curaçao,7,1,FIFA World Cup,Houston,United States,True,Germany,Netherlands,True,2026,25,29,0,0,25,29,83516593,4456081016706.0,53355.64,10,155967,3073840325.0,19708.27,82,83360626,4453007176381.0,33647.369999999995,-72
2026-06-14,Ivory Coast,Ecuador,1,0,FIFA World Cup,Philadelphia,United States,True,France,Argentina,True,2026,12,0,6,0,6,0,31934230,78788828907.0,2467.22,33,18135478,118844826000.0,6553.17,23,13798752,-40055997093.0,-4085.9500000000003,10
2026-06-14,Netherlands,Japan,2,2,FIFA World Cup,Arlington,United States,True,Netherlands,Japan,False,2026,22,10,12,0,10,10,17993485,1118124749886.0,62140.53,8,123975371,4212945159781.0,33982.11,18,-105981886,-3094820409895.0,28158.42,-10
2026-06-14,Sweden,Tunisia,5,1,FIFA World Cup,Guadalupe,Mexico,True,England,France,True,2026,14,0,7,0,7,0,10569709,593267701033.0,56129.05,38,12277109,48529595417.0,3952.85,45,-1707400,544738105616.0,52176.200000000004,-7
2026-06-15,Belgium,Egypt,1,1,FIFA World Cup,Seattle,United States,True,France,Egypt,False,2026,20,7,4,0,16,7,11858610,632216577075.0,53312.87,9,116538258,395926075163.0,3397.39,29,-104679648,236290501912.0,49915.48,-20
2026-06-15,Iran,New Zealand,2,2,FIFA World Cup,Inglewood,United States,True,Iran,England,False,2026,0,0,1,0,-1,0,91567738,401504514719.0,4384.78,20,5287500,253465703232.0,47936.78,85,86280238,148038811487.0,-43552.0,-65
2026-06-15,Spain,Cape Verde,0,0,FIFA World Cup,Atlanta,United States,True,Spain,Cape Verde,False,2026,26,37,1,0,25,37,48848840,1580694712516.0,32358.9,2,524877,2587252076.0,4929.25,67,48323963,1578107460440.0,27429.65,-65
2026-06-15,Saudi Arabia,Uruguay,1,1,FIFA World Cup,Miami Gardens,United States,True,Greece,Argentina,False,2026,1,0,8,0,-7,0,35300280,1067582933333.0,30242.9,61,3386588,77240831587.0,22807.86,16,31913692,990342101746.0,7435.040000000001,45
2026-06-16,France,Senegal,3,1,FIFA World Cup,East Rutherford,United States,True,France,Senegal,True,2026,24,14,20,4,4,10,68551653,3030904089608.0,44213.44,3,18501984,31013986429.0,1676.25,15,50049669,2999890103179.0,42537.19,-12
2026-06-16,Iraq,Norway,1,4,FIFA World Cup,Foxborough,United States,True,Australia,Norway,False,2026,0,0,17,1,-17,-1,46042015,250842782139.0,5448.13,57,5572279,485513316504.0,87130.12,31,40469736,-234670534365.0,-81681.98999999999,26
2026-06-16,Argentina,Algeria,3,0,FIFA World Cup,Kansas City,United States,True,Argentina,Switzerland,True,2026,20,16,11,1,9,15,45696159,640591410664.0,14018.5,1,46814308,239899491128.0,5124.49,28,-1118149,400691919536.0,8894.01,-27
2026-06-16,Austria,Jordan,3,1,FIFA World Cup,Santa Clara,United States,True,Germany,Morocco,True,2026,16,4,1,0,15,4,9177982,516034144116.0,56225.23,24,11552876,50813642349.0,4398.35,63,-2374894,465220501767.0,51826.880000000005,-39
2026-06-17,Portugal,DR Congo,1,1,FIFA World Cup,Houston,United States,True,Spain,France,False,2026,17,10,11,1,6,9,10694681,287080013574.0,26843.25,5,109276265,66383287003.0,607.48,46,-98581584,220696726571.0,26235.77,-41
2026-06-17,Uzbekistan,Colombia,1,3,FIFA World Cup,Mexico City,Mexico,True,Italy,Argentina,False,2026,1,0,7,1,-6,-1,36361859,90889149307.0,2499.57,50,52886363,363540156235.0,6873.99,13,-16524504,-272651006928.0,-4374.42,37
2026-06-17,England,Croatia,4,2,FIFA World Cup,Arlington,United States,True,Germany,Croatia,True,2026,25,17,17,2,8,15,58357518,2872427847375.0,49221.21,4,3866200,82688842717.0,21387.63,11,54491318,2789739004658.0,27833.579999999998,-7
2026-06-17,Ghana,Panama,1,0,FIFA World Cup,Toronto,Canada,True,Portugal,Spain,True,2026,12,3,0,0,12,3,34427414,76370394412.0,2218.3,73,4515577,83382400000.0,18465.5,34,29911837,-7012005588.0,-16247.2,39
2026-06-18,Czech Republic,South Africa,1,1,FIFA World Cup,Atlanta,United States,True,Czechia,Belgium,False,2026,7,3,1,0,6,3,10905028,330858339872.0,30339.98,40,64007187,377781600986.0,5902.17,60,-53102159,-46923261114.0,24437.809999999998,-20
2026-06-18,Mexico,South Korea,1,0,FIFA World Cup,Zapopan,Mexico,False,Mexico,South Korea,True,2026,5,0,5,0,0,0,130861007,1788886821047.0,13670.13,14,51751065,1712792854202.0,33096.77,25,79109942,76093966845.0,-19426.64,-11
2026-06-18,Switzerland,Bosnia and Herzegovina,4,1,FIFA World Cup,Inglewood,United States,True,Switzerland,Bosnia and Herzegovina,True,2026,23,1,5,0,18,1,9005582,884940402230.0,98265.76,19,3164253,27054889363.0,8550.17,64,5841329,857885512867.0,89715.59,-45
2026-06-18,Canada,Qatar,6,0,FIFA World Cup,Vancouver,Canada,False,United States,Spain,True,2026,6,1,0,0,6,1,41288599,2140085567791.0,51832.36,30,2857822,235770403735.0,82500.03,56,38430777,1904315164056.0,-30667.67,-26
2026-06-19,Scotland,Morocco,0,1,FIFA World Cup,Foxborough,United States,True,Scotland,Morocco,False,2026,11,1,15,1,-4,0,5607306,250502428550.0,44674.29,42,38081173,141109373209.0,3705.49,7,-32473867,109393055341.0,40968.8,35
2026-06-19,Brazil,Haiti,3,0,FIFA World Cup,Philadelphia,United States,True,Italy,France,True,2026,14,2,4,0,10,2,211998573,2173665655937.0,10253.21,6,11772557,19850829758.0,1686.2,83,200226016,2153814826179.0,8567.009999999998,-77
2026-06-19,United States,Australia,2,0,FIFA World Cup,Seattle,United States,False,Argentina,Australia,True,2026,13,1,5,1,8,0,340110988,27360935000000.0,80447.08,17,27196812,1723827215335.0,63383.43,27,312914176,25637107784665.0,17063.65,-10
2026-06-19,Turkey,Paraguay,0,1,FIFA World Cup,Santa Clara,United States,True,Italy,Argentina,False,2026,9,0,4,0,5,0,85518661,1108022373260.0,12956.5,22,6929153,42956263544.0,6199.35,41,78589508,1065066109716.0,6757.15,-19
2026-06-20,Germany,Ivory Coast,2,1,FIFA World Cup,Toronto,Canada,True,Germany,France,True,2026,25,29,12,0,13,29,83516593,4456081016706.0,53355.64,10,31934230,78788828907.0,2467.22,33,51582363,4377292187799.0,50888.42,-23
2026-06-20,Ecuador,Curaçao,0,0,FIFA World Cup,Kansas City,United States,True,Argentina,Netherlands,False,2026,6,0,0,0,6,0,18135478,118844826000.0,6553.17,23,155967,3073840325.0,19708.27,82,17979511,115770985675.0,-13155.1,-59
2026-06-20,Netherlands,Sweden,5,1,FIFA World Cup,Houston,United States,True,Netherlands,England,True,2026,22,10,14,0,8,10,17993485,1118124749886.0,62140.53,8,10569709,593267701033.0,56129.05,38,7423776,524857048853.0,6011.479999999996,-30
2026-06-20,Tunisia,Japan,0,4,FIFA World Cup,Guadalupe,Mexico,True,France,Japan,False,2026,7,0,12,0,-5,0,12277109,48529595417.0,3952.85,45,123975371,4212945159781.0,33982.11,18,-111698262,-4164415564364.0,-30029.260000000002,27
2026-06-21,Belgium,Iran,0,0,FIFA World Cup,Inglewood,United States,True,France,Iran,False,2026,20,7,0,0,20,7,11858610,632216577075.0,53312.87,9,91567738,401504514719.0,4384.78,20,-79709128,230712062356.0,48928.090000000004,-11
2026-06-21,New Zealand,Egypt,1,3,FIFA World Cup,Vancouver,Canada,True,England,Egypt,False,2026,1,0,4,0,-3,0,5287500,253465703232.0,47936.78,85,116538258,395926075163.0,3397.39,29,-111250758,-142460371931.0,44539.39,56
2026-06-21,Spain,Saudi Arabia,4,0,FIFA World Cup,Atlanta,United States,True,Spain,Greece,True,2026,26,37,1,0,25,37,48848840,1580694712516.0,32358.9,2,35300280,1067582933333.0,30242.9,61,13548560,513111779183.0,2116.0,-59
2026-06-21,Uruguay,Cape Verde,2,2,FIFA World Cup,Miami Gardens,United States,True,Argentina,Cape Verde,False,2026,8,0,1,0,7,0,3386588,77240831587.0,22807.86,16,524877,2587252076.0,4929.25,67,2861711,74653579511.0,17878.61,-51
2026-06-22,France,Iraq,3,0,FIFA World Cup,Philadelphia,United States,True,France,Australia,True,2026,24,14,0,0,24,14,68551653,3030904089608.0,44213.44,3,46042015,250842782139.0,5448.13,57,22509638,2780061307469.0,38765.310000000005,-54
2026-06-22,Norway,Senegal,3,2,FIFA World Cup,East Rutherford,United States,True,Norway,Senegal,True,2026,17,1,20,4,-3,-3,5572279,485513316504.0,87130.12,31,18501984,31013986429.0,1676.25,15,-12929705,454499330075.0,85453.87,16
2026-06-22,Argentina,Austria,2,0,FIFA World Cup,Arlington,United States,True,Argentina,Germany,True,2026,20,16,16,4,4,12,45696159,640591410664.0,14018.5,1,9177982,516034144116.0,56225.23,24,36518177,124557266548.0,-42206.73,-23
2026-06-22,Jordan,Algeria,1,2,FIFA World Cup,Santa Clara,United States,True,Morocco,Switzerland,False,2026,1,0,11,1,-10,-1,11552876,50813642349.0,4398.35,63,46814308,239899491128.0,5124.49,28,-35261432,-189085848779.0,-726.1399999999994,35
2026-06-23,Portugal,Uzbekistan,5,0,FIFA World Cup,Houston,United States,True,Spain,Italy,True,2026,17,10,1,0,16,10,10694681,287080013574.0,26843.25,5,36361859,90889149307.0,2499.57,50,-25667178,196190864267.0,24343.68,-45
2026-06-23,Colombia,DR Congo,1,0,FIFA World Cup,Zapopan,Mexico,True,Argentina,France,True,2026,7,1,11,1,-4,0,52886363,363540156235.0,6873.99,13,109276265,66383287003.0,607.48,46,-56389902,297156869232.0,6266.51,-33
2026-06-23,England,Ghana,0,0,FIFA World Cup,Foxborough,United States,True,Germany,Portugal,False,2026,25,17,12,3,13,14,58357518,2872427847375.0,49221.21,4,34427414,76370394412.0,2218.3,73,23930104,2796057452963.0,47002.909999999996,-69
2026-06-23,Panama,Croatia,0,1,FIFA World Cup,Toronto,Canada,True,Spain,Croatia,False,2026,0,0,17,2,-17,-2,4515577,83382400000.0,18465.5,34,3866200,82688842717.0,21387.63,11,649377,693557283.0,-2922.130000000001,23
2026-06-24,Mexico,Czech Republic,3,0,FIFA World Cup,Mexico City,Mexico,False,Mexico,Czechia,True,2026,5,0,7,3,-2,-3,130861007,1788886821047.0,13670.13,14,10905028,330858339872.0,30339.98,40,119955979,1458028481175.0,-16669.85,-26
2026-06-24,South Africa,South Korea,1,0,FIFA World Cup,Guadalupe,Mexico,True,Belgium,South Korea,True,2026,1,0,5,0,-4,0,64007187,377781600986.0,5902.17,60,51751065,1712792854202.0,33096.77,25,12256122,-1335011253216.0,-27194.6,35
2026-06-24,Canada,Switzerland,1,2,FIFA World Cup,Vancouver,Canada,False,United States,Switzerland,False,2026,6,1,23,1,-17,0,41288599,2140085567791.0,51832.36,30,9005582,884940402230.0,98265.76,19,32283017,1255145165561.0,-46433.399999999994,11
2026-06-24,Bosnia and Herzegovina,Qatar,3,1,FIFA World Cup,Seattle,United States,True,Bosnia and Herzegovina,Spain,True,2026,5,0,0,0,5,0,3164253,27054889363.0,8550.17,64,2857822,235770403735.0,82500.03,56,306431,-208715514372.0,-73949.86,8
2026-06-24,Scotland,Brazil,0,3,FIFA World Cup,Miami Gardens,United States,True,Scotland,Italy,False,2026,11,1,14,2,-3,-1,5607306,250502428550.0,44674.29,42,211998573,2173665655937.0,10253.21,6,-206391267,-1923163227387.0,34421.08,36
2026-06-24,Morocco,Haiti,4,2,FIFA World Cup,Atlanta,United States,True,Morocco,France,True,2026,15,1,4,0,11,1,38081173,141109373209.0,3705.49,7,11772557,19850829758.0,1686.2,83,26308616,121258543451.0,2019.2899999999997,-76
2026-06-25,United States,Turkey,2,3,FIFA World Cup,Inglewood,United States,False,Argentina,Italy,False,2026,13,1,9,0,4,1,340110988,27360935000000.0,80447.08,17,85518661,1108022373260.0,12956.5,22,254592327,26252912626740.0,67490.58,-5
2026-06-25,Paraguay,Australia,0,0,FIFA World Cup,Santa Clara,United States,True,Argentina,Australia,False,2026,4,0,5,1,-1,-1,6929153,42956263544.0,6199.35,41,27196812,1723827215335.0,63383.43,27,-20267659,-1680870951791.0,-57184.08,14
2026-06-25,Curaçao,Ivory Coast,0,2,FIFA World Cup,Philadelphia,United States,True,Netherlands,France,False,2026,0,0,12,0,-12,0,155967,3073840325.0,19708.27,82,31934230,78788828907.0,2467.22,33,-31778263,-75714988582.0,17241.05,49
2026-06-25,Ecuador,Germany,2,1,FIFA World Cup,East Rutherford,United States,True,Argentina,Germany,True,2026,6,0,25,29,-19,-29,18135478,118844826000.0,6553.17,23,83516593,4456081016706.0,53355.64,10,-65381115,-4337236190706.0,-46802.47,13
2026-06-25,Japan,Sweden,1,1,FIFA World Cup,Arlington,United States,True,Japan,England,False,2026,12,0,14,0,-2,0,123975371,4212945159781.0,33982.11,18,10569709,593267701033.0,56129.05,38,113405662,3619677458748.0,-22146.940000000002,-20
2026-06-25,Tunisia,Netherlands,1,3,FIFA World Cup,Kansas City,United States,True,France,Netherlands,False,2026,7,0,22,10,-15,-10,12277109,48529595417.0,3952.85,45,17993485,1118124749886.0,62140.53,8,-5716376,-1069595154469.0,-58187.68,37
2026-06-26,Egypt,Iran,1,1,FIFA World Cup,Seattle,United States,True,Egypt,Iran,False,2026,4,0,0,0,4,0,116538258,395926075163.0,3397.39,29,91567738,401504514719.0,4384.78,20,24970520,-5578439556.0,-987.3899999999999,9
2026-06-26,New Zealand,Belgium,1,5,FIFA World Cup,Vancouver,Canada,True,England,France,False,2026,1,0,20,7,-19,-7,5287500,253465703232.0,47936.78,85,11858610,632216577075.0,53312.87,9,-6571110,-378750873843.0,-5376.090000000004,76
2026-06-26,Cape Verde,Saudi Arabia,0,0,FIFA World Cup,Houston,United States,True,Cape Verde,Greece,False,2026,1,0,1,0,0,0,524877,2587252076.0,4929.25,67,35300280,1067582933333.0,30242.9,61,-34775403,-1064995681257.0,-25313.65,6
2026-06-26,Uruguay,Spain,0,1,FIFA World Cup,Zapopan,Mexico,True,Argentina,Spain,False,2026,8,0,26,37,-18,-37,3386588,77240831587.0,22807.86,16,48848840,1580694712516.0,32358.9,2,-45462252,-1503453880929.0,-9551.04,14
2026-06-26,Norway,France,1,4,FIFA World Cup,Foxborough,United States,True,Norway,France,False,2026,17,1,24,14,-7,-13,5572279,485513316504.0,87130.12,31,68551653,3030904089608.0,44213.44,3,-62979374,-2545390773104.0,42916.67999999999,28
2026-06-26,Senegal,Iraq,5,0,FIFA World Cup,Toronto,Canada,True,Senegal,Australia,True,2026,20,4,0,0,20,4,18501984,31013986429.0,1676.25,15,46042015,250842782139.0,5448.13,57,-27540031,-219828795710.0,-3771.88,-42
2026-06-27,Algeria,Austria,3,3,FIFA World Cup,Kansas City,United States,True,Switzerland,Germany,False,2026,11,1,16,4,-5,-3,46814308,239899491128.0,5124.49,28,9177982,516034144116.0,56225.23,24,37636326,-276134652988.0,-51100.740000000005,4
2026-06-27,Jordan,Argentina,1,3,FIFA World Cup,Arlington,United States,True,Morocco,Argentina,False,2026,1,0,20,16,-19,-16,11552876,50813642349.0,4398.35,63,45696159,640591410664.0,14018.5,1,-34143283,-589777768315.0,-9620.15,62
2026-06-27,Colombia,Portugal,0,0,FIFA World Cup,Miami Gardens,United States,True,Argentina,Spain,False,2026,7,1,17,10,-10,-9,52886363,363540156235.0,6873.99,13,10694681,287080013574.0,26843.25,5,42191682,76460142661.0,-19969.260000000002,8
2026-06-27,DR Congo,Uzbekistan,3,1,FIFA World Cup,Atlanta,United States,True,France,Italy,True,2026,11,1,1,0,10,1,109276265,66383287003.0,607.48,46,36361859,90889149307.0,2499.57,50,72914406,-24505862304.0,-1892.0900000000001,-4
2026-06-27,Panama,England,0,2,FIFA World Cup,East Rutherford,United States,True,Spain,Germany,False,2026,0,0,25,17,-25,-17,4515577,83382400000.0,18465.5,34,58357518,2872427847375.0,49221.21,4,-53841941,-2789045447375.0,-30755.71,30
2026-06-27,Croatia,Ghana,2,1,FIFA World Cup,Philadelphia,United States,True,Croatia,Portugal,True,2026,17,2,12,3,5,-1,3866200,82688842717.0,21387.63,11,34427414,76370394412.0,2218.3,73,-30561214,6318448305.0,19169.33,-62
2026-06-28,South Africa,Canada,0,1,FIFA World Cup,Inglewood,United States,True,Belgium,United States,False,2026,1,0,6,1,-5,-1,64007187,377781600986.0,5902.17,60,41288599,2140085567791.0,51832.36,30,22718588,-1762303966805.0,-45930.19,30
2026-06-29,Brazil,Japan,2,1,FIFA World Cup,Houston,United States,True,Italy,Japan,True,2026,14,2,12,0,2,2,211998573,2173665655937.0,10253.21,6,123975371,4212945159781.0,33982.11,18,88023202,-2039279503844.0,-23728.9,-12
2026-06-29,Germany,Paraguay,1,1,FIFA World Cup,Foxborough,United States,True,Germany,Argentina,False,2026,25,29,4,0,21,29,83516593,4456081016706.0,53355.64,10,6929153,42956263544.0,6199.35,41,76587440,4413124753162.0,47156.29,-31
2026-06-29,Netherlands,Morocco,1,1,FIFA World Cup,Guadalupe,Mexico,True,Netherlands,Morocco,False,2026,22,10,15,1,7,9,17993485,1118124749886.0,62140.53,8,38081173,141109373209.0,3705.49,7,-20087688,977015376677.0,58435.04,1
2026-06-30,Ivory Coast,Norway,1,2,FIFA World Cup,Arlington,United States,True,France,Norway,False,2026,12,0,17,1,-5,-1,31934230,78788828907.0,2467.22,33,5572279,485513316504.0,87130.12,31,26361951,-406724487597.0,-84662.9,2
2026-06-30,France,Sweden,3,0,FIFA World Cup,East Rutherford,United States,True,France,England,True,2026,24,14,14,0,10,14,68551653,3030904089608.0,44213.44,3,10569709,593267701033.0,56129.05,38,57981944,2437636388575.0,-11915.61,-35
2026-06-30,Mexico,Ecuador,2,0,FIFA World Cup,Mexico City,Mexico,False,Mexico,Argentina,True,2026,5,0,6,0,-1,0,130861007,1788886821047.0,13670.13,14,18135478,118844826000.0,6553.17,23,112725529,1670041995047.0,7116.959999999999,-9
2026-07-01,England,DR Congo,2,1,FIFA World Cup,Atlanta,United States,True,Germany,France,True,2026,25,17,11,1,14,16,58357518,2872427847375.0,49221.21,4,109276265,66383287003.0,607.48,46,-50918747,2806044560372.0,48613.729999999996,-42
2026-07-01,Belgium,Senegal,3,2,FIFA World Cup,Seattle,United States,True,France,Senegal,True,2026,20,7,20,4,0,3,11858610,632216577075.0,53312.87,9,18501984,31013986429.0,1676.25,15,-6643374,601202590646.0,51636.62,-6
2026-07-01,United States,Bosnia and Herzegovina,2,0,FIFA World Cup,Santa Clara,United States,False,Argentina,Bosnia and Herzegovina,True,2026,13,1,5,0,8,1,340110988,27360935000000.0,80447.08,17,3164253,27054889363.0,8550.17,64,336946735,27333880110637.0,71896.91,-47
2026-07-02,Spain,Austria,3,0,FIFA World Cup,Inglewood,United States,True,Spain,Germany,True,2026,26,37,16,4,10,33,48848840,1580694712516.0,32358.9,2,9177982,516034144116.0,56225.23,24,39670858,1064660568400.0,-23866.33,-22
2026-07-02,Portugal,Croatia,2,1,FIFA World Cup,Toronto,Canada,True,Spain,Croatia,True,2026,17,10,17,2,0,8,10694681,287080013574.0,26843.25,5,3866200,82688842717.0,21387.63,11,6828481,204391170857.0,5455.619999999999,-6
2026-07-02,Switzerland,Algeria,2,0,FIFA World Cup,Vancouver,Canada,True,Switzerland,Switzerland,True,2026,23,1,11,1,12,0,9005582,884940402230.0,98265.76,19,46814308,239899491128.0,5124.49,28,-37808726,645040911102.0,93141.26999999999,-9
2026-07-03,Australia,Egypt,1,1,FIFA World Cup,Arlington,United States,True,Australia,Egypt,False,2026,5,1,4,0,1,1,27196812,1723827215335.0,63383.43,27,116538258,395926075163.0,3397.39,29,-89341446,1327901140172.0,59986.04,-2
2026-07-03,Argentina,Cape Verde,3,2,FIFA World Cup,Miami Gardens,United States,True,Argentina,Cape Verde,True,2026,20,16,1,0,19,16,45696159,640591410664.0,14018.5,1,524877,2587252076.0,4929.25,67,45171282,638004158588.0,9089.25,-66
2026-07-03,Colombia,Ghana,1,0,FIFA World Cup,Kansas City,United States,True,Argentina,Portugal,True,2026,7,1,12,3,-5,-2,52886363,363540156235.0,6873.99,13,34427414,76370394412.0,2218.3,73,18458949,287169761823.0,4655.69,-60
2026-07-04,Canada,Morocco,0,3,FIFA World Cup,Houston,United States,True,United States,Morocco,False,2026,6,1,15,1,-9,0,41288599,2140085567791.0,51832.36,30,38081173,141109373209.0,3705.49,7,3207426,1998976194582.0,48126.87,23
2026-07-04,Paraguay,France,0,1,FIFA World Cup,Philadelphia,United States,True,Argentina,France,False,2026,4,0,24,14,-20,-14,6929153,42956263544.0,6199.35,41,68551653,3030904089608.0,44213.44,3,-61622500,-2987947826064.0,-38014.090000000004,38
2026-07-05,Brazil,Norway,1,2,FIFA World Cup,East Rutherford,United States,True,Italy,Norway,False,2026,14,2,17,1,-3,1,211998573,2173665655937.0,10253.21,6,5572279,485513316504.0,87130.12,31,206426294,1688152339433.0,-76876.91,-25
2026-07-05,Mexico,England,2,3,FIFA World Cup,Mexico City,Mexico,False,Mexico,Germany,False,2026,5,0,25,17,-20,-17,130861007,1788886821047.0,13670.13,14,58357518,2872427847375.0,49221.21,4,72503489,-1083541026328.0,-35551.08,10
2026-07-06,Portugal,Spain,0,1,FIFA World Cup,Dallas,United States,True,Spain,Spain,False,2026,17,10,26,37,-9,-27,10694681,287080013574.0,26843.25,5,48848840,1580694712516.0,32358.9,2,-38154159,-1293614698942.0,-5515.6500000000015,3
2026-07-06,United States,Belgium,1,4,FIFA World Cup,Seattle,United States,False,Argentina,France,False,2026,13,1,20,7,-7,-6,340110988,27360935000000.0,80447.08,17,11858610,632216577075.0,53312.87,9,328252378,26728718422925.0,27134.21,8
2026-07-07,Argentina,Egypt,3,2,FIFA World Cup,Atlanta,United States,True,Argentina,Egypt,True,2026,20,16,4,0,16,16,45696159,640591410664.0,14018.5,1,116538258,395926075163.0,3397.39,29,-70842099,244665335501.0,10621.11,-28
2026-07-07,Switzerland,Colombia,0,0,FIFA World Cup,Vancouver,Canada,True,Switzerland,Argentina,False,2026,23,1,7,1,16,0,9005582,884940402230.0,98265.76,19,52886363,363540156235.0,6873.99,13,-43880781,521400245995.0,91391.76999999999,6
2026-07-09,France,Morocco,2,0,FIFA World Cup,Foxborough,United States,True,France,Morocco,True,2026,24,14,15,1,9,13,68551653,3030904089608.0,44213.44,3,38081173,141109373209.0,3705.49,7,30470480,2889794716399.0,40507.950000000004,-4
2026-07-10,Spain,Belgium,2,1,FIFA World Cup,Inglewood,United States,True,Spain,France,True,2026,26,37,20,7,6,30,48848840,1580694712516.0,32358.9,2,11858610,632216577075.0,53312.87,9,36990230,948478135441.0,-20953.97,-7
2026-07-11,Norway,England,1,2,FIFA World Cup,Miami Gardens,United States,True,Norway,Germany,False,2026,17,1,25,17,-8,-16,5572279,485513316504.0,87130.12,31,58357518,2872427847375.0,49221.21,4,-52785239,-2386914530871.0,37908.909999999996,27
2026-07-11,Argentina,Switzerland,3,1,FIFA World Cup,Kansas City,United States,True,Argentina,Switzerland,True,2026,20,16,23,1,-3,15,45696159,640591410664.0,14018.5,1,9005582,884940402230.0,98265.76,19,36690577,-244348991566.0,-84247.26,-18
2026-07-14,France,Spain,0,2,FIFA World Cup,Arlington,United States,True,France,Spain,False,2026,24,14,26,37,-2,-23,68551653,3030904089608.0,44213.44,3,48848840,1580694712516.0,32358.9,2,19702813,1450209377092.0,11854.54,1
2026-07-15,England,Argentina,1,2,FIFA World Cup,Atlanta,United States,True,Germany,Argentina,False,2026,25,17,20,16,5,1,58357518,2872427847375.0,49221.21,4,45696159,640591410664.0,14018.5,1,12661359,2231836436711.0,35202.71,3
2026-07-18,France,England,4,6,FIFA World Cup,Miami Gardens,United States,True,France,Germany,False,2026,24,14,25,17,-1,-3,68551653,3030904089608.0,44213.44,3,58357518,2872427847375.0,49221.21,4,10194135,158476242233.0,-5007.769999999997,-1
2026-07-19,Spain,Argentina,1,0,FIFA World Cup,East Rutherford,United States,True,Spain,Argentina,True,2026,26,37,20,16,6,21,48848840,1580694712516.0,32358.9,2,45696159,640591410664.0,14018.5,1,3152681,940103301852.0,18340.4,1
